Title,Release Year,Rating,Director,Genres,Release Date,Country of Origin,Official Sites,Language,Location,Production,Gross World
1. The Shawshank Redemption,1994,9.3,Frank Darabont,"['Epic', 'Period Drama', 'Prison Drama', 'Drama']","October 14, 1994",United States,"['https://www.facebook.com/shawshankredemptionfilm/', 'https://www.warnerbros.com/movies/shawshank-redemption']",['English'],"Mansfield Reformatory - 100 Reformatory Road, Mansfield, Ohio, USA",['Castle Rock Entertainment'],"$28,767,189"
2. The Godfather,1972,9.2,Francis Ford Coppola,"['Epic', 'Gangster', 'Tragedy', 'Crime', 'Drama']","March 24, 1972",United States,"['https://www.facebook.com/thegodfather/', 'https://www.instagram.com/thegodfathermovie/']","['English', 'Italian', 'Latin']","Forza d'Agrò, Messina, Sicily, Italy","['Paramount Pictures', 'Albert S. Ruddy Productions', 'Alfran Productions']","$136,381,073"
3. The Dark Knight,2008,9.0,Christopher Nolan,"['Action Epic', 'Epic', 'Superhero', 'Action', 'Crime', 'Drama', 'Thriller']","July 18, 2008",United States,"['https://www.facebook.com/darkknighttrilogy/', 'https://www.warnerbros.co.uk/movies/dark-knight']","['English', 'Mandarin']","Chicago, Illinois, USA","['Warner Bros.', 'Legendary Entertainment', 'Syncopy']","$534,987,076"
4. The Godfather Part II,1974,9.0,Francis Ford Coppola,"['Epic', 'Gangster', 'Tragedy', 'Crime', 'Drama']","December 18, 1974",United States,"['https://www.facebook.com/thegodfather/', 'https://twitter.com/godfathermovie']","['English', 'Italian', 'Spanish', 'Latin', 'Sicilian']","Kaiser Estate - 4000 W Lake Blvd, Homewood, Lake Tahoe, California, USA","['Paramount Pictures', 'The Coppola Company', 'American Zoetrope']","$47,834,595"
5. 12 Angry Men,1957,9.0,Sidney Lumet,"['Legal Drama', 'Psychological Drama', 'Crime', 'Drama']","April 10, 1957",United States,,['English'],"New York County Courthouse - 60 Centre Street, New York City, New York, USA",['Orion-Nova Productions'],"$2,945"
6. The Lord of the Rings: The Return of the King,2003,9.0,Peter Jackson,"['Adventure Epic', 'Epic', 'Fantasy Epic', 'Mountain Adventure', 'Quest', 'Sword & Sorcery', 'Tragedy', 'Adventure', 'Drama', 'Fantasy']","December 17, 2003",New Zealand,"['https://www.facebook.com/lordoftheringstrilogy', 'http://www.lordoftherings.net/']","['English', 'Quenya', 'Old English', 'Sindarin']","Hinuera Valley, Matamata, Waikato, New Zealand","['New Line Cinema', 'WingNut Films', 'The Saul Zaentz Company']","$381,878,219"
7. Schindler's List,1993,9.0,Steven Spielberg,"['Docudrama', 'Epic', 'Historical Epic', 'Period Drama', 'Prison Drama', 'Biography', 'Drama', 'History']","February 4, 1994",United States,"['https://www.facebook.com/SchindlersListMovie/', 'https://www.uphe.com/movies/schindlers-list']","['English', 'Hebrew', 'German', 'Polish', 'Latin']","Auschwitz-Birkenau Concentration Camp, Oswiecim, Malopolskie, Poland","['Universal Pictures', 'Amblin Entertainment']","$96,898,818"
8. Pulp Fiction,1994,8.9,Quentin Tarantino,"['Dark Comedy', 'Drug Crime', 'Gangster', 'Crime', 'Drama']","October 14, 1994",United States,"['http://www.facebook.com/PulpFiction', 'http://www.miramax.com/movie/pulp-fiction']","['English', 'Spanish', 'French']","1435 Flower Street, Glendale, California, USA","['Miramax', 'A Band Apart', 'Jersey Films']","$107,928,762"
9. The Lord of the Rings: The Fellowship of the Ring,2001,8.9,Peter Jackson,"['Adventure Epic', 'Epic', 'Fantasy Epic', 'Quest', 'Sword & Sorcery', 'Adventure', 'Drama', 'Fantasy']","December 19, 2001",New Zealand,"['https://www.facebook.com/lordoftheringstrilogy', 'https://www.warnerbros.com/movies/lord-rings-fellowship-ring']","['English', 'Sindarin']","Wellington, New Zealand","['New Line Cinema', 'WingNut Films', 'Marzano Films']","$319,372,078"
"10. The Good, the Bad and the Ugly",1966,8.8,Sergio Leone,"['Adventure Epic', 'Desert Adventure', 'Epic', 'Period Drama', 'Quest', 'Spaghetti Western', 'Western Epic', 'Adventure', 'Drama', 'Western']","December 29, 1967",Italy,,"['Italian', 'English']","Carazo, Burgos, Castilla y León, Spain","['Produzioni Europee Associate (PEA)', 'Arturo González Producciones Cinematográficas', 'Constantin Film']","$25,100,000"
11. Forrest Gump,1994,8.8,Robert Zemeckis,"['Epic', 'Drama', 'Romance']","July 6, 1994",United States,"['https://www.facebook.com/ForrestGump', 'https://www.instagram.com/forrestgumpfilm/']",['English'],"Chippewa Square, Savannah, Georgia, USA","['Paramount Pictures', 'The Steve Tisch Company', 'Wendy Finerman Productions']","$330,455,270"
12. The Lord of the Rings: The Two Towers,2002,8.8,Peter Jackson,"['Adventure Epic', 'Dark Fantasy', 'Epic', 'Fantasy Epic', 'Quest', 'Sword & Sorcery', 'Adventure', 'Drama', 'Fantasy']","December 18, 2002",New Zealand,"['http://www.lordoftherings.net/', 'https://www.facebook.com/lordoftheringstrilogy']","['English', 'Sindarin', 'Old English']","Hinuera Valley, Matamata, Waikato, New Zealand","['New Line Cinema', 'WingNut Films', 'The Saul Zaentz Company']","$345,518,923"
13. Fight Club,1999,8.8,David Fincher,"['Psychological Drama', 'Workplace Drama', 'Drama']","October 15, 1999",Germany,"['https://www.facebook.com/FightClub', 'https://www.foxmovies.com/movies/fight-club']",['English'],"240 North Neptune Avenue, Los Angeles, California, USA","['Fox 2000 Pictures', 'New Regency Productions', 'Linson Films']","$37,030,102"
14. Inception,2010,8.8,Christopher Nolan,"['Action Epic', 'Adventure Epic', 'Psychological Thriller', 'Sci-Fi Epic', 'Action', 'Adventure', 'Sci-Fi', 'Thriller']","July 16, 2010",United States,"['http://wwws.warnerbros.co.jp/inception/', 'http://inceptionmovie.warnerbros.com/']","['English', 'Japanese', 'French']","Fortress Mountain, Kananaskis Country, Alberta, Canada","['Warner Bros.', 'Legendary Entertainment', 'Syncopy']","$292,587,330"
15. Star Wars: Episode V - The Empire Strikes Back,1980,8.7,Irvin Kershner,"['Action Epic', 'Adventure Epic', 'Dark Fantasy', 'Fantasy Epic', 'Quest', 'Sci-Fi Epic', 'Space Sci-Fi', 'Sword & Sorcery', 'Action', 'Adventure']","June 18, 1980",United States,"['https://www.lucasfilm.com/productions/episode-v/', 'https://www.starwars.com/films/star-wars-episode-v-the-empire-strikes-back']",['English'],"Hardangerjøkulen Glacier, Finse, Norway",['Lucasfilm'],"$292,753,960"
16. The Matrix,1999,8.7,Lana Wachowski,"['Action Epic', 'Artificial Intelligence', 'Cyberpunk', 'Dystopian Sci-Fi', 'Gun Fu', 'Martial Arts', 'Sci-Fi Epic', 'Action', 'Sci-Fi']","March 31, 1999",United States,"['https://play.hbomax.com/feature/urn:hbo:feature:GXdu2VgPdq5uAuwEAADak', 'https://www.facebook.com/TheMatrixMovie/']",['English'],"Nashville, Tennessee, USA","['Warner Bros.', 'Village Roadshow Pictures', 'Groucho Film Partnership']","$172,076,928"
17. Goodfellas,1990,8.7,Martin Scorsese,"['Docudrama', 'Gangster', 'True Crime', 'Biography', 'Crime', 'Drama']","September 21, 1990",United States,,"['English', 'Italian', 'Hebrew', 'Yiddish']","The Oriental Manor, 1818 86th St, Brooklyn, New York City, New York, USA",['Warner Bros.'],"$46,909,721"
18. One Flew Over the Cuckoo's Nest,1975,8.7,Milos Forman,"['Medical Drama', 'Psychological Drama', 'Drama']","November 19, 1975",United States,,['English'],"Oregon State Mental Hospital - 2600 Center Street NE, Salem, Oregon, USA","['Fantasy Films', 'N.V. Zvaluw']","$108,981,275"
19. Interstellar,2014,8.7,Christopher Nolan,"['Adventure Epic', 'Epic', 'Quest', 'Sci-Fi Epic', 'Space Sci-Fi', 'Adventure', 'Drama', 'Sci-Fi']","November 7, 2014",United States,"['https://www.facebook.com/Interstellar', 'https://twitter.com/Interstellar']",['English'],Iceland,"['Paramount Pictures', 'Warner Bros.', 'Legendary Entertainment']","$188,020,017"
20. Se7en,1995,8.6,David Fincher,"['Cop Drama', 'Hard-boiled Detective', 'Legal Drama', 'Police Procedural', 'Psychological Thriller', 'Serial Killer', 'Crime', 'Drama', 'Mystery', 'Thriller']","September 22, 1995",United States,,['English'],"Pacific Electric Building, Los Angeles, California, USA","['Arnold Kopelson Productions', 'Cecchi Gori Pictures', 'Juno Pix']","$100,125,643"
21. It's a Wonderful Life,1946,8.6,Frank Capra,"['Feel-Good Romance', 'Holiday Family', 'Holiday Romance', 'Psychological Drama', 'Drama', 'Family', 'Fantasy', 'Holiday', 'Romance']","January 7, 1947",United States,,"['English', 'French']","4587 Viro Road, La Cañada Flintridge, California, USA",['Liberty Films (II)'],"$1,483,643"
22. Seven Samurai,1954,8.6,Akira Kurosawa,"['Action Epic', 'Epic', 'Period Drama', 'Drama']","November 19, 1956",Japan,,['Japanese'],"Izu Peninsula, Shizuoka, Japan",['Toho'],"$820,278"
23. The Silence of the Lambs,1991,8.6,Jonathan Demme,"['Police Procedural', 'Psychological Drama', 'Psychological Thriller', 'Serial Killer', 'Crime', 'Drama', 'Thriller']","February 14, 1991",United States,,"['English', 'Latin']","Bimini Airport, South Bimini Island, Bimini Islands, Bahamas","['Strong Heart/Demme Production', 'Orion Pictures']","$130,742,922"
24. Saving Private Ryan,1998,8.6,Steven Spielberg,"['Epic', 'War Epic', 'Drama', 'War']","July 24, 1998",United States,"['https://www.facebook.com/SavingPrivateRyanMovie/', 'https://twitter.com/SavingPFCRyan']","['English', 'French', 'German', 'Czech']","Curracloe Beach, Ballinesker, County Wexford, Ireland","['Dreamworks Pictures', 'Paramount Pictures', 'Amblin Entertainment']","$217,049,603"
25. City of God,2002,8.6,Fernando Meirelles,"['Caper', 'Coming-of-Age', 'Gangster', 'Crime', 'Drama']","February 13, 2004",Brazil,"['https://www.facebook.com/CityofGod', 'http://www.miramax.com/movie/city-of-god']",['Portuguese'],"Rio de Janeiro, Rio de Janeiro, Brazil","['O2 Filmes', 'VideoFilmes', 'Globo Filmes']","$7,564,459"
26. The Green Mile,1999,8.6,Frank Darabont,"['Period Drama', 'Prison Drama', 'Supernatural Fantasy', 'Tragedy', 'Crime', 'Drama', 'Fantasy', 'Mystery']","December 10, 1999",United States,"['https://www.facebook.com/TheGreenMileOfficial', 'http://www.thegreenmile.com/']","['English', 'French']","Tennessee State Penitentiary, Nashville, Tennessee, USA","['Castle Rock Entertainment', 'Darkwoods Productions', 'Warner Bros.']","$136,801,374"
27. Life Is Beautiful,1997,8.6,Roberto Benigni,"['Period Drama', 'Tragedy', 'Tragic Romance', 'Comedy', 'Drama', 'Romance', 'War']","December 20, 1997",Italy,"['https://www.miramax.com/movie/life-is-beautiful-la-vita-e-bella/', 'http://www.facebook.com/LifeisBeautifulMovie']","['Italian', 'German', 'English']","Arezzo, Tuscany, Italy","['Melampo Cinematografica', 'Cecchi Gori Group Tiger Cinematografica']","$57,563,264"
28. Terminator 2: Judgment Day,1991,8.6,James Cameron,"['Action Epic', 'Artificial Intelligence', 'Cyberpunk', 'Dystopian Sci-Fi', 'Sci-Fi Epic', 'Time Travel', 'Action', 'Adventure', 'Sci-Fi']","July 3, 1991",United States,"['https://www.facebook.com/terminator2', 'http://www.terminator2-3d.de/']","['English', 'Spanish']","Bayside Parkway & Gateway Boulevard, Fremont, California, USA","['Carolco Pictures', 'Pacific Western', 'Lightstorm Entertainment']","$205,881,154"
29. Star Wars: Episode IV - A New Hope,1977,8.6,George Lucas,"['Action Epic', 'Adventure Epic', 'Fantasy Epic', 'Quest', 'Sci-Fi Epic', 'Space Sci-Fi', 'Sword & Sorcery', 'Action', 'Adventure', 'Fantasy']","May 25, 1977",United States,"['https://www.facebook.com/StarWars/', 'https://www.instagram.com/starwars/']",['English'],"Tikal National Park, Guatemala","['Lucasfilm', 'Twentieth Century Fox']","$460,998,507"
30. Back to the Future,1985,8.5,Robert Zemeckis,"['High-Concept Comedy', 'Teen Adventure', 'Teen Comedy', 'Time Travel', 'Urban Adventure', 'Adventure', 'Comedy', 'Sci-Fi']","July 3, 1985",United States,"['https://www.facebook.com/BTTF', 'http://www.backtothefuture.com/']",['English'],"Whittier High School - 12417 E. Philadelphia Street, Whittier, California, USA","['Universal Pictures', 'Amblin Entertainment', 'U-Drive Productions']","$214,077,472"
31. Spirited Away,2001,8.6,Hayao Miyazaki,"['Anime', 'Coming-of-Age', 'Fairy Tale', 'Hand-Drawn Animation', 'Quest', 'Supernatural Fantasy', 'Adventure', 'Animation', 'Family', 'Fantasy']","March 28, 2003",Japan,"['http://movies.disney.com/spirited-away', 'http://disney.go.com/disneyvideos/animatedfilms/miyazaki/more_miyazaki.html']","['Japanese', 'English']",,"['Tokuma Shoten', 'Studio Ghibli', 'Nippon Television Network (NTV)']","$15,205,725"
32. The Pianist,2002,8.5,Roman Polanski,"['Docudrama', 'Epic', 'Period Drama', 'Tragedy', 'War Epic', 'Biography', 'Drama', 'Music', 'War']","March 28, 2003",France,"['https://www.focusfeatures.com/the_pianist', 'https://www.facebook.com/The-Pianist-302717273113887/']","['English', 'German', 'Russian']","Instalatorów, Ochota, Warsaw, Mazowieckie, Poland","['R.P. Productions', 'Heritage Films', 'Studio Babelsberg']","$32,590,750"
33. Parasite,2019,8.5,Bong Joon Ho,"['Dark Comedy', 'Korean Drama', 'Psychological Thriller', 'Tragedy', 'Drama', 'Thriller']","November 8, 2019",South Korea,"['https://www.barunsonena.com/en/contents/10', 'https://www.cjenm.com/en/featured-contents/parasite/']","['Korean', 'English']","Jahamun-ro, Buam-dong, Jongno-gu, Seoul, South Korea","['CJ Entertainment', 'Barunson E&A']","$53,369,749"
34. Gladiator,2000,8.5,Ridley Scott,"['Action Epic', 'Adventure Epic', 'Epic', 'Period Drama', 'Sword & Sandal', 'Action', 'Adventure', 'Drama']","May 5, 2000",United States,,['English'],"Ouarzazate, Morocco","['Dreamworks Pictures', 'Universal Pictures', 'Scott Free Productions']","$187,705,427"
35. Psycho,1960,8.5,Alfred Hitchcock,"['Psychological Horror', 'Psychological Thriller', 'Slasher Horror', 'Suspense Mystery', 'Horror', 'Mystery', 'Thriller']","September 8, 1960",United States,,['English'],"Psycho House and Bates Motel, Backlot Universal Studios, Universal City, California, USA","['Alfred J. Hitchcock Productions', 'Shamley Productions']","$32,000,000"
36. The Lion King,1994,8.5,Roger Allers,"['Animal Adventure', 'Coming-of-Age', 'Hand-Drawn Animation', 'Jungle Adventure', 'Adventure', 'Animation', 'Drama', 'Family', 'Fantasy', 'Musical']","June 24, 1994",United States,"['https://www.facebook.com/DisneyTheLionKing', 'http://movies.disney.com/the-lion-king']","['English', 'Swahili', 'Xhosa', 'Zulu']","Walt Disney Animation Studios - 2100 Riverside Drive, Burbank, California, USA","['Walt Disney Pictures', 'Walt Disney Animation Studios', 'Walt Disney Feature Animation']","$424,979,720"
37. The Departed,2006,8.5,Martin Scorsese,"['Cop Drama', 'Epic', 'Gangster', 'Crime', 'Drama', 'Thriller']","October 6, 2006",United States,,"['English', 'Cantonese']","SUNY Maritime College, Bronx, New York City, New York, USA","['Warner Bros.', 'Plan B Entertainment', 'Initial Entertainment Group (IEG)']","$132,399,394"
38. Grave of the Fireflies,1988,8.5,Isao Takahata,"['Adult Animation', 'Anime', 'Hand-Drawn Animation', 'Period Drama', 'Animation', 'Drama', 'War']","July 26, 1989",Japan,,['Japanese'],,"['Shinchosha', 'Studio Ghibli']","$516,962"
39. Spider-Man: Across the Spider-Verse,2023,8.6,Joaquim Dos Santos,"['Computer Animation', 'Superhero', 'Supernatural Fantasy', 'Teen Adventure', 'Urban Adventure', 'Action', 'Adventure', 'Animation', 'Family', 'Fantasy']","June 2, 2023",United States,,['English'],,"['Columbia Pictures', 'Marvel Entertainment', 'Avi Arad Productions']","$381,593,754"
40. Whiplash,2014,8.5,Damien Chazelle,"['Psychological Drama', 'Drama', 'Music']","October 15, 2014",United States,"['http://sonyclassics.com/whiplash/', 'http://www.advitamdistribution.com/whiplash/']",['English'],"Santa Clarita, California, USA","['Bold Films', 'Blumhouse Productions', 'Right of Way Films']","$14,003,391"
41. American History X,1998,8.5,Tony Kaye,"['Prison Drama', 'Tragedy', 'Crime', 'Drama']","November 20, 1998",United States,"['https://www.facebook.com/americanhistoryxmovie/', 'https://www.warnerbros.com/movies/american-history-x']",['English'],"Venice High School - 13000 Venice Boulevard, Venice, Los Angeles, California, USA","['New Line Cinema', 'Savoy Pictures', 'The Turman-Morrissey Company']","$6,719,864"
42. Léon: The Professional,1994,8.5,Luc Besson,"['Gangster', 'One-Person Army Action', 'Action', 'Crime', 'Drama', 'Thriller']","November 18, 1994",France,,"['English', 'Italian', 'French']","Paris, France","['Columbia Pictures', 'Gaumont', 'Les Films du Dauphin']","$19,501,238"
43. The Prestige,2006,8.5,Christopher Nolan,"['Period Drama', 'Steampunk', 'Tragedy', 'Drama', 'Mystery', 'Sci-Fi', 'Thriller']","October 20, 2006",United Kingdom,,['English'],"Durango and Silverton Narrow Gauge Railroad, Colorado, USA","['Touchstone Pictures', 'Warner Bros.', 'Newmarket Films']","$53,089,891"
44. Harakiri,1962,8.6,Masaki Kobayashi,"['Period Drama', 'Drama', 'Mystery']","August 4, 1964",Japan,,['Japanese'],"Kyoto, Kyoto, Japan",['Shochiku'],2.35 : 1
45. Casablanca,1942,8.5,Michael Curtiz,"['Drama', 'Romance', 'War']","January 23, 1943",United States,,"['English', 'French', 'German', 'Italian', 'Russian']","Waterman Drive, Van Nuys, Los Angeles, California, USA",['Warner Bros.'],"$4,219,709"
46. The Usual Suspects,1995,8.5,Bryan Singer,"['Gangster', 'Heist', 'Psychological Drama', 'Psychological Thriller', 'Suspense Mystery', 'Whodunnit', 'Crime', 'Drama', 'Mystery', 'Thriller']","August 16, 1995",United States,,"['English', 'Hungarian', 'Spanish', 'French']","Korean Friendship Bell, Angel's Gate Park - 3601 Gaffey Street, San Pedro, Los Angeles, California, USA","['PolyGram Filmed Entertainment', 'Spelling Films International', 'Blue Parrot']","$23,341,568"
47. The Intouchables,2011,8.5,Olivier Nakache,"['Docudrama', 'Comedy', 'Drama']","November 2, 2011",France,"['https://www.facebook.com/theintouchables', 'https://myflixer.life/']","['French', 'English']","Cabourg, Calvados, France","['Quad', 'Ten Films', 'Canal+']","$10,198,820"
48. Cinema Paradiso,1988,8.5,Giuseppe Tornatore,"['Coming-of-Age', 'Drama', 'Romance']","February 23, 1990",Italy,"['https://www.facebook.com/CinemaParadisoMovie', 'http://www.miramax.com/movie/cinema-paradiso']",['Italian'],"Cefalù, Palermo, Sicily, Italy","['Cristaldifilm', 'Les Films Ariane', 'Rai 3']","$12,397,210"
49. Dune: Part Two,2024,8.5,Denis Villeneuve,"['Action Epic', 'Desert Adventure', 'Epic', 'Sci-Fi Epic', 'Space Sci-Fi', 'Action', 'Adventure', 'Drama', 'Sci-Fi']","March 1, 2024",United States,,['English'],"Wadi Rum, Jordan","['Warner Bros.', 'Legendary Entertainment', 'Villeneuve Films']","$282,144,358"
50. Modern Times,1936,8.5,Charles Chaplin,"['Slapstick', 'Comedy', 'Drama', 'Romance']","February 25, 1936",United States,"['https://www.instagram.com/charliechaplinofficial/', 'https://www.charliechaplin.com/en/films/6-Modern-Times']",['English'],"Sierra Hwy. & Penman Rd., Santa Clarita, California, USA",['Charles Chaplin Productions'],"$163,577"
51. Alien,1979,8.5,Ridley Scott,"['Cyberpunk', 'Monster Horror', 'Space Sci-Fi', 'Horror', 'Sci-Fi']","June 22, 1979",United Kingdom,,['English'],"Shepperton Studios, Shepperton, Surrey, England, UK","['Twentieth Century Fox', 'Brandywine Productions', 'Scott Free Productions']","$84,206,106"
52. Rear Window,1954,8.5,Alfred Hitchcock,"['Suspense Mystery', 'Drama', 'Mystery', 'Thriller']","September 1, 1954",United States,,['English'],"Stage 18, Paramount Studios - 5555 Melrose Avenue, Hollywood, Los Angeles, California, USA",['Alfred J. Hitchcock Productions'],"$36,764,313"
53. Once Upon a Time in the West,1968,8.5,Sergio Leone,"['Desert Adventure', 'Spaghetti Western', 'Western Epic', 'Drama', 'Western']","July 4, 1969",Italy,,"['Italian', 'English', 'Spanish']","Monument Valley, Arizona, USA","['Rafran Cinematografica', 'San Marco', 'Paramount Pictures']","$5,321,508"
54. Django Unchained,2012,8.5,Quentin Tarantino,"['Dark Comedy', 'Epic', 'Period Drama', 'Western Epic', 'Comedy', 'Drama', 'Western']","December 25, 2012",United States,,"['English', 'German', 'French', 'Italian']","Evergreen Plantation - 4677 Highway 18, Edgard, Louisiana, USA","['The Weinstein Company', 'Columbia Pictures']","$162,805,434"
55. City Lights,1931,8.5,Charles Chaplin,"['Feel-Good Romance', 'Romantic Comedy', 'Slapstick', 'Comedy', 'Drama', 'Romance']","March 7, 1931",United States,,"['None', 'English']","Chaplin Studios - 1416 N. La Brea Avenue, Hollywood, Los Angeles, California, USA",['Charles Chaplin Productions'],"$19,181"
56. Apocalypse Now,1979,8.4,Francis Ford Coppola,"['Adventure Epic', 'Epic', 'Psychological Drama', 'Quest', 'War Epic', 'Drama', 'Mystery', 'War']","August 15, 1979",United States,"['https://www.lionsgate.com/movies/apocalypse-now', 'https://www.facebook.com/ApocalypseNowMovie/']","['English', 'French', 'Vietnamese']","Baler Bay, Baler, Aurora, Philippines","['American Zoetrope', 'Zoetrope Studios']","$96,042,913"
57. Memento,2000,8.4,Christopher Nolan,"['Psychological Thriller', 'Suspense Mystery', 'Mystery', 'Thriller']","May 25, 2001",United States,"['https://www.filmymen.us/2022/11/memento-movie-memento-full-movie-2000.html', 'http://www.otnemem.com/']",['English'],"Travel Inn - 7254 Foothill Blvd., Tujunga, Los Angeles, California, USA","['Newmarket Capital Group', 'Team Todd', 'I Remember Productions']","$25,544,867"
58. WALL·E,2008,8.4,Andrew Stanton,"['Adventure Epic', 'Artificial Intelligence', 'Computer Animation', 'Dystopian Sci-Fi', 'Space Sci-Fi', 'Adventure', 'Animation', 'Family', 'Sci-Fi']","June 27, 2008",United States,"['http://adisney.go.com/disneyvideos/animatedfilms/wall-e/', 'https://www.facebook.com/PixarWallE']",['English'],"Walt Disney Animation Studios - 2100 Riverside Drive, Burbank, California, USA","['Walt Disney Pictures', 'Pixar Animation Studios', 'FortyFour Studios']","$223,808,164"
59. Indiana Jones and the Raiders of the Lost Ark,1981,8.4,Steven Spielberg,"['Adventure Epic', 'Desert Adventure', 'Globetrotting Adventure', 'Quest', 'Action', 'Adventure']","June 12, 1981",United States,,"['English', 'German', 'Spanish', 'Nepali', 'Hebrew', 'Arabic']","Sidi Bouhlel, Tozeur, Tunisia","['Paramount Pictures', 'Lucasfilm']","$248,159,971"
60. The Lives of Others,2006,8.4,Florian Henckel von Donnersmarck,"['Political Thriller', 'Psychological Drama', 'Spy', 'Drama', 'Mystery', 'Thriller']","March 30, 2007",Germany,,['German'],"Gedenkstätte Hohenschönhausen, Hohenschönhausen, Berlin, Germany","['Wiedemann & Berg Filmproduktion', 'Bayerischer Rundfunk (BR)', 'ARTE']","$11,286,112"
61. 12th Fail,2023,8.8,Vidhu Vinod Chopra,"['Docudrama', 'Biography', 'Drama']","October 27, 2023",India,"['https://www.123movieswiki.org/12th-fail/', 'https://www.hotstar.com/in/movies/12th-fail/1260161273']",['Hindi'],"Chambal Valley, Madhya Pradesh, India","['Vinod Chopra Films', 'Zee Studios']",2.39 : 1
62. Avengers: Infinity War,2018,8.4,Anthony Russo,"['Space Sci-Fi', 'Superhero', 'Action', 'Adventure', 'Sci-Fi']","April 27, 2018",United States,"['http://marvel.com/movies/movie/223/avengers_infinity_war', 'https://www.hotstar.com/in/movies/avengers-infinity-war/1660010677']",['English'],"Cockburn Street, Edinburgh, City of Edinburgh, Scotland, UK","['Marvel Studios', 'Jason Roberts Productions', 'South Pictures']","$678,815,482"
63. Sunset Boulevard,1950,8.4,Billy Wilder,"['Film Noir', 'Psychological Drama', 'Showbiz Drama', 'Tragedy', 'Drama']","August 4, 1950",United States,,['English'],"10060 Sunset Blvd, Los Angeles, California, USA",['Paramount Pictures'],"$299,645"
64. Spider-Man: Into the Spider-Verse,2018,8.4,Bob Persichetti,"['Computer Animation', 'Superhero', 'Supernatural Fantasy', 'Teen Adventure', 'Urban Adventure', 'Action', 'Adventure', 'Animation', 'Comedy', 'Family']","December 14, 2018",Canada,,"['English', 'Spanish']",,"['Columbia Pictures', 'Marvel Entertainment', 'Avi Arad Productions']","$190,241,310"
65. Paths of Glory,1957,8.4,Stanley Kubrick,"['Epic', 'War Epic', 'Drama', 'War']","December 25, 1957",United States,,"['English', 'German', 'Latin']","Schloß Schleißheim, Oberschleißheim, Bavaria, Germany",['Bryna Productions'],"$8,290"
66. Witness for the Prosecution,1957,8.4,Billy Wilder,"['Legal Drama', 'Legal Thriller', 'Whodunnit', 'Crime', 'Drama', 'Mystery', 'Thriller']","February 6, 1958",United States,,"['English', 'German']","Metro-Goldwyn-Mayer Studios - 10202 W. Washington Blvd., Culver City, California, USA",['Edward Small Productions'],"$7,903"
67. The Shining,1980,8.4,Stanley Kubrick,"['Psychological Drama', 'Psychological Horror', 'Supernatural Horror', 'Drama', 'Horror']","June 13, 1980",United Kingdom,,['English'],"Timberline Lodge, Mount Hood, Oregon, USA","['Warner Bros.', 'Hawk Films', 'Peregrine']","$45,634,352"
68. The Great Dictator,1940,8.4,Charles Chaplin,"['Parody', 'Satire', 'Slapstick', 'Comedy', 'Drama', 'War']","March 7, 1941",United States,"['https://www.instagram.com/charliechaplinofficial/', 'https://www.charliechaplin.com/en/films/7-The-Great-Dictator']","['English', 'Esperanto', 'Latin']","Santa Monica Mountains, Los Angeles, California, USA",['Charles Chaplin Productions'],"$972,212"
69. Aliens,1986,8.4,James Cameron,"['Alien Invasion', 'Cyberpunk', 'Space Sci-Fi', 'Action', 'Adventure', 'Sci-Fi', 'Thriller']","July 18, 1986",United Kingdom,"['https://www.hotstar.com/id/movies/aliens/1770000953', 'https://play.hbomax.com/extra/urn:hbo:extra:GWi702QDuca6BwgEAAAE8']","['English', 'Spanish']","Acton Lane Power Station, Acton Lane, Acton, London, England, UK","['Twentieth Century Fox', 'Brandywine Productions', 'Pinewood Studios']","$85,160,248"
70. Inglourious Basterds,2009,8.4,Quentin Tarantino,"['Dark Comedy', 'Period Drama', 'Adventure', 'Drama', 'War']","August 21, 2009",United States,"['https://www.facebook.com/inglouriousbasterds', 'http://basterds.ru/']","['English', 'German', 'French', 'Italian']","Brasserie La Renaissance, 112 rue Championnet, Paris 18, Paris, France","['Universal Pictures', 'The Weinstein Company', 'A Band Apart']","$120,540,719"
71. The Dark Knight Rises,2012,8.4,Christopher Nolan,"['Action Epic', 'Epic', 'Superhero', 'Action', 'Drama', 'Thriller']","July 20, 2012",United States,"['https://www.facebook.com/darkknighttrilogy', 'http://www.thedarkknightrises.com/']","['English', 'Arabic']","Mehrangarh Fort, Jodhpur, Rajasthan, India","['Warner Bros.', 'Legendary Entertainment', 'DC Entertainment']","$448,149,584"
72. Coco,2017,8.4,Lee Unkrich,"['Computer Animation', 'Supernatural Fantasy', 'Adventure', 'Animation', 'Drama', 'Family', 'Fantasy', 'Music', 'Mystery']","November 22, 2017",United States,"['https://www.facebook.com/PixarCoco', 'https://movies.disney.com/coco']","['English', 'Spanish']","Pixar Animation Studios - 1200 Park Avenue, Emeryville, California, USA","['Walt Disney Pictures', 'Pixar Animation Studios', 'Día de Muertos']","$210,460,015"
73. Amadeus,1984,8.4,Milos Forman,"['Costume Drama', 'Epic', 'Period Drama', 'Tragedy', 'Biography', 'Drama', 'Music']","September 19, 1984",United States,,"['English', 'Italian', 'Latin', 'German', 'French']","Barrandov Studios, Prague, Czech Republic","['The Saul Zaentz Company', 'AMLF']","$51,973,029"
74. Toy Story,1995,8.3,John Lasseter,"['Buddy Comedy', 'Computer Animation', 'Supernatural Fantasy', 'Urban Adventure', 'Adventure', 'Animation', 'Comedy', 'Family', 'Fantasy']","November 22, 1995",United States,"['https://www.facebook.com/PixarToyStory', 'http://toystory.disney.com/toy-story']",['English'],"Pixar Animation Studios - 1200 Park Avenue, Emeryville, California, USA","['Walt Disney Pictures', 'Pixar Animation Studios']","$223,225,679"
75. Dr. Strangelove or: How I Learned to Stop Worrying and Love the Bomb,1964,8.3,Stanley Kubrick,"['Dark Comedy', 'Farce', 'Political Drama', 'Satire', 'Comedy', 'War']","January 29, 1964",United Kingdom,,"['English', 'Russian']","Banff National Park, Alberta, Canada",['Stanley Kubrick Productions'],"$9,440,272"
76. Oldboy,2003,8.3,Park Chan-wook,"['Dark Comedy', 'One-Person Army Action', 'Psychological Thriller', 'Action', 'Drama', 'Mystery', 'Thriller']","November 21, 2003",South Korea,,['Korean'],"Busan, South Korea","['Show East', 'Egg Films']","$2,458,200"
77. American Beauty,1999,8.3,Sam Mendes,"['Psychological Drama', 'Tragedy', 'Drama']","October 1, 1999",United States,,['English'],"Sacramento, California, USA","['Dreamworks Pictures', 'Jinks/Cohen Company']","$130,096,601"
78. Avengers: Endgame,2019,8.4,Anthony Russo,"['Space Sci-Fi', 'Superhero', 'Time Travel', 'Tragedy', 'Action', 'Adventure', 'Drama', 'Sci-Fi']","April 26, 2019",United States,"['https://www.marvel.com/movies/avengers-endgame', 'https://www.facebook.com/avengers']","['English', 'Japanese', 'Xhosa', 'German']","Durham Cathedral, The College, Durham, County Durham, England, UK",['Marvel Studios'],"$858,373,000"
79. Good Will Hunting,1997,8.3,Gus Van Sant,"['Coming-of-Age', 'Psychological Drama', 'Drama', 'Romance']","January 9, 1998",United States,"['http://www.facebook.com/GoodWillHuntingMovie', 'http://www.miramax.com/movie/good-will-hunting']",['English'],"Massachusetts Turnpike, Massachusetts, USA","['Miramax', 'Lawrence Bender Productions', 'Be Gentlemen Limited Partnership']","$138,433,435"
80. Das Boot,1981,8.4,Wolfgang Petersen,"['War Epic', 'Drama', 'War']","February 10, 1982",West Germany,"['https://dasboot.officialwebsite.art/', 'http://www.dasboot.com/']",['German'],North Sea near Heligoland,"['Bavaria Film', 'Twin Bros. Productions', 'Radiant Film GmbH']","$11,487,676"
81. Braveheart,1995,8.3,Mel Gibson,"['Costume Drama', 'Epic', 'Period Drama', 'War Epic', 'Biography', 'Drama', 'War']","May 24, 1995",United States,"['https://www.facebook.com/braveheartmovie/', 'https://www.paramountpictures.com/movies/braveheart']","['English', 'French', 'Latin', 'Gaelic', 'Italian']","Fort William, Glen Coe, Highland, Scotland, UK","['Icon Entertainment International', 'The Ladd Company', 'B.H. Finance C.V.']","$75,609,945"
82. Princess Mononoke,1997,8.3,Hayao Miyazaki,"['Action Epic', 'Adult Animation', 'Adventure Epic', 'Anime', 'Dark Fantasy', 'Fantasy Epic', 'Hand-Drawn Animation', 'Quest', 'Adventure', 'Animation']","July 12, 1997",Japan,,['Japanese'],,"['DENTSU Music And Entertainment', 'Nibariki', 'Nippon Television Network (NTV)']","$4,845,631"
83. Your Name.,2016,8.4,Makoto Shinkai,"['Anime', 'Shōjo', 'Animation', 'Drama', 'Fantasy', 'Romance']","April 7, 2017",Japan,"['https://www.cwfilms.jp/en/products/article/kiminona.html', 'https://www.funimationfilms.com/movie/yourname/']",['Japanese'],,"['Amuse', 'CoMix Wave Films', 'East Japan Marketing & Communications Inc.']","$5,017,246"
84. High and Low,1963,8.4,Akira Kurosawa,"['Police Procedural', 'Crime', 'Drama', 'Mystery', 'Thriller']","November 26, 1963",Japan,,['Japanese'],"Toho Studios, Tokyo, Japan","['Kurosawa Production Co.', 'Toho']","$46,808"
85. Joker,2019,8.4,Todd Phillips,"['Psychological Drama', 'Psychological Thriller', 'Tragedy', 'Crime', 'Drama', 'Thriller']","October 4, 2019",United States,"['https://www.facebook.com/jokermovie/', 'https://www.instagram.com/jokermovie/']","['English', 'German']","1150 Anderson Ave, The Bronx, New York City, New York, USA","['Warner Bros.', 'Village Roadshow Pictures', 'BRON Studios']","$335,477,657"
86. 3 Idiots,2009,8.4,Rajkumar Hirani,"['Coming-of-Age', 'Comedy', 'Drama']","December 25, 2009",India,,"['Hindi', 'English']","IIM Campus, Bangalore, Karnataka, India",['Vinod Chopra Productions'],"$6,532,874"
87. Once Upon a Time in America,1984,8.3,Sergio Leone,"['Dark Comedy', 'Epic', 'Gangster', 'Period Drama', 'Crime', 'Drama']","June 1, 1984",Italy,"['https://www.facebook.com/OnceUponATimeInAmericaFilm/', 'https://www.warnerbros.com/movies/once-upon-time-america']","['English', 'Italian', 'French', 'Yiddish', 'Hebrew']","Cinecittà Studios, Cinecittà, Rome, Lazio, Italy","['The Ladd Company', 'Warner Bros.', 'Producers Sales Organization (PSO)']","$5,321,508"
88. Singin' in the Rain,1952,8.3,Stanley Donen,"['Classic Musical', 'Feel-Good Romance', 'Jukebox Musical', 'Romantic Comedy', 'Comedy', 'Musical', 'Romance']","April 10, 1952",United States,,['English'],"Metro-Goldwyn-Mayer Studios - 10202 W. Washington Blvd., Culver City, California, USA","[""Loew's""]","$1,884,537"
89. Capernaum,2018,8.4,Nadine Labaki,['Drama'],"September 20, 2018",Lebanon,"['https://www.facebook.com/CapharnaumFilm/', 'http://www.capharnaumfilm.com/']","['Arabic', 'Amharic']","Cola, Beirut, Lebanon","['Mooz Films', 'Cedrus Invest Bank', 'Sunnyland Film']","$1,661,096"
90. Come and See,1985,8.3,Elem Klimov,"['Epic', 'Period Drama', 'Tragedy', 'War Epic', 'Drama', 'Thriller', 'War']","September 3, 1985",Soviet Union,,"['Belarusian', 'Russian', 'German']",Soviet Union,"['Belarusfilm', 'Mosfilm']","$16,053"
91. Requiem for a Dream,2000,8.3,Darren Aronofsky,"['Psychological Drama', 'Tragedy', 'Drama']","December 15, 2000",United States,,['English'],"Coney Island, Brooklyn, New York City, New York, USA","['Artisan Entertainment', 'Thousand Words', 'Sibling Productions']","$3,635,482"
92. Toy Story 3,2010,8.3,Lee Unkrich,"['Computer Animation', 'Supernatural Fantasy', 'Urban Adventure', 'Adventure', 'Animation', 'Comedy', 'Family', 'Fantasy']","June 18, 2010",United States,"['https://www.facebook.com/PixarToyStory', 'http://toystory.disney.com/toy-story-3']","['English', 'Spanish']","Pixar Animation Studios - 1200 Park Avenue, Emeryville, California, USA","['Walt Disney Pictures', 'Pixar Animation Studios']","$415,004,880"
93. Star Wars: Episode VI - Return of the Jedi,1983,8.3,Richard Marquand,"['Action Epic', 'Adventure Epic', 'Fantasy Epic', 'Quest', 'Sci-Fi Epic', 'Space Sci-Fi', 'Sword & Sorcery', 'Action', 'Adventure', 'Fantasy']","May 25, 1983",United States,"['https://www.lucasfilm.com/productions/episode-vi/', 'https://www.starwars.com/films/star-wars-episode-vi-return-of-the-jedi']","['English', 'Kikuyu', 'Tagalog', 'Kalmyk-Oirat', 'Quechua', 'Polish']","Miller-Rellim Redwood Company Property, Morrison Creek Road, Smith River, California, USA",['Lucasfilm'],"$316,566,101"
94. The Hunt,2012,8.3,Thomas Vinterberg,"['Psychological Drama', 'Tragedy', 'Drama']","November 14, 2012",Denmark,"['http://www.magpictures.com/thehunt/', 'http://www.facebook.com/TheHuntFilm']","['Danish', 'English', 'Polish']","Høje Taastrup Kirke, Taastrup, Denmark","['Zentropa Entertainments', 'Film i Väst', 'Zentropa International Sweden']","$613,308"
95. Eternal Sunshine of the Spotless Mind,2004,8.3,Michel Gondry,"['Dark Romance', 'Psychological Drama', 'Drama', 'Romance', 'Sci-Fi']","March 19, 2004",United States,"['https://www.ahotoffer.com/p/eternal-sunshine-of-spotless-mind.html', 'https://www.facebook.com/EternalSunshineMovie']",['English'],"Montauk, New York, USA","['Focus Features', 'Anonymous Content', 'This Is That Productions']","$34,400,301"
96. Ikiru,1952,8.3,Akira Kurosawa,"['Psychological Drama', 'Tragedy', 'Drama']","March 25, 1956",Japan,,"['Japanese', 'Latin', 'English', 'French']","Tokyo, Japan",['Toho'],"$2,149"
97. 2001: A Space Odyssey,1968,8.3,Stanley Kubrick,"['Adventure Epic', 'Artificial Intelligence', 'Sci-Fi Epic', 'Space Sci-Fi', 'Adventure', 'Sci-Fi']","May 12, 1968",United Kingdom,,"['English', 'Russian', 'French']","Isle of Harris, Western Isles, Scotland, UK","['Metro-Goldwyn-Mayer (MGM)', 'Stanley Kubrick Productions']","$60,481,243"
98. Reservoir Dogs,1992,8.3,Quentin Tarantino,"['Gangster', 'Heist', 'Crime', 'Thriller']","September 2, 1992",United States,,['English'],"5860 North Figueroa Street, Highland Park, Los Angeles, California, USA","['Live Entertainment', 'Dog Eat Dog Productions Inc.']","$2,832,029"
99. Lawrence of Arabia,1962,8.3,David Lean,"['Adventure Epic', 'Desert Adventure', 'War Epic', 'Adventure', 'Biography', 'Drama', 'War']","April 2, 2013",United Kingdom,,"['English', 'Arabic', 'Turkish']","Wadi Rum, Jordan",['Horizon Pictures (II)'],"$45,306,425"
100. The Apartment,1960,8.3,Billy Wilder,"['Farce', 'Holiday Comedy', 'Holiday Romance', 'Romantic Comedy', 'Comedy', 'Drama', 'Holiday', 'Romance']","June 29, 1960",United States,,['English'],"Majestic Theater, 247 West 44th Street, Manhattan, New York City, New York, USA",['The Mirisch Corporation'],"$18,600,000"
101. Incendies,2010,8.3,Denis Villeneuve,"['Suspense Mystery', 'Drama', 'Mystery', 'War']","April 22, 2011",Canada,"['http://www.facebook.com/IncendiesMovie', 'http://www.facebook.com/incendies']","['French', 'Arabic', 'English']","Amman, Jordan","['micro_scope', 'TS Productions', 'Phi Group']","$2,071,334"
102. Scarface,1983,8.3,Brian De Palma,"['Drug Crime', 'Epic', 'Gangster', 'Tragedy', 'Crime', 'Drama']","December 9, 1983",United States,"['https://www.facebook.com/scarface1983movie/', 'https://www.uphe.com/movies/scarface-1983']","['English', 'Spanish']","656 Park Ln, Santa Barbara, California, USA","['Universal Pictures', 'Martin Bregman Productions']","$45,967,303"
103. North by Northwest,1959,8.3,Alfred Hitchcock,"['Spy', 'Action', 'Adventure', 'Mystery', 'Thriller']","December 18, 1959",United States,,"['English', 'French']","Garces Highway 1/10th mile East from Corcoran Road and Kern National Wildlife Preserve, Kern County, California, USA",['Metro-Goldwyn-Mayer (MGM)'],"$66,728"
104. Double Indemnity,1944,8.3,Billy Wilder,"['Film Noir', 'Hard-boiled Detective', 'Crime', 'Drama', 'Mystery', 'Thriller']","July 6, 1944",United States,,['English'],"6301 Quebec Drive, Hollywood Hills, Los Angeles, California, USA",['Paramount Pictures'],"$19,543"
105. Citizen Kane,1941,8.3,Orson Welles,"['Epic', 'Tragedy', 'Drama', 'Mystery']","September 5, 1941",United States,,"['English', 'Italian']","Busch Gardens - S. Grove Avenue, Pasadena, California, USA","['RKO Radio Pictures', 'Mercury Productions']","$1,627,530"
106. M,1931,8.3,Fritz Lang,"['Psychological Thriller', 'Serial Killer', 'Suspense Mystery', 'Crime', 'Mystery', 'Thriller']","August 31, 1931",Germany,,['German'],"Staaken, Spandau, Berlin, Germany",['Nero-Film AG'],"$6,123"
107. Heat,1995,8.3,Michael Mann,"['Cop Drama', 'Epic', 'Gangster', 'Heist', 'Action', 'Crime', 'Drama']","December 15, 1995",United States,"['https://www.20thcenturystudios.com/movies/heat', 'https://www.facebook.com/HeatMovie/']","['English', 'Spanish']","1219 Dodds Circle, East Los Angeles, California, USA","['Warner Bros.', 'New Regency Productions', 'Forward Pass']","$67,436,818"
108. Vertigo,1958,8.3,Alfred Hitchcock,"['Psychological Thriller', 'Suspense Mystery', 'Mystery', 'Romance', 'Thriller']","May 28, 1958",United States,,['English'],"Fort Point, Presidio, Golden Gate National Recreation Area, San Francisco, California, USA",['Alfred J. Hitchcock Productions'],"$7,705,225"
109. Full Metal Jacket,1987,8.2,Stanley Kubrick,"['Period Drama', 'Drama', 'War']","July 10, 1987",United Kingdom,,"['English', 'Vietnamese']","Isle of Dogs, London, Greater London, England, UK","['Warner Bros.', 'Natant', 'Stanley Kubrick Productions']","$46,357,676"
110. Oppenheimer,2023,8.3,Christopher Nolan,"['Docudrama', 'Epic', 'Historical Epic', 'Period Drama', 'Psychological Drama', 'Biography', 'Drama', 'History']","July 21, 2023",United States,"['https://www.facebook.com/OppenheimerMovie/', 'https://www.instagram.com/oppenheimermovie/']","['English', 'German', 'Italian']","Los Alamos, New Mexico, USA","['Universal Pictures', 'Atlas Entertainment', 'Gadget Films']","$329,862,540"
111. Up,2009,8.3,Pete Docter,"['Coming-of-Age', 'Computer Animation', 'Globetrotting Adventure', 'Adventure', 'Animation', 'Comedy', 'Drama', 'Family']","July 23, 2009",United States,"['https://www.facebook.com/PixarUp', 'http://movies.disney.com/up']",['English'],"Pixar Animation Studios - 1200 Park Avenue, Emeryville, California, USA","['Walt Disney Pictures', 'Pixar Animation Studios']","$293,004,164"
112. Amélie,2001,8.3,Jean-Pierre Jeunet,"['Feel-Good Romance', 'Quirky Comedy', 'Romantic Comedy', 'Comedy', 'Romance']","February 8, 2002",France,"['http://www.facebook.com/AmelieMovie', 'http://www.miramax.com/movie/amelie']","['French', 'Russian', 'English']","Rue des Trois-Frères, Paris 18, Paris, France","['Claudie Ossard Productions', 'Union Générale Cinématographique (UGC)', 'Victoires Productions']","$33,712,444"
113. A Clockwork Orange,1971,8.2,Stanley Kubrick,"['Dark Comedy', 'Dystopian Sci-Fi', 'Crime', 'Sci-Fi']","February 2, 1972",United Kingdom,,['English'],"Binsey Walk, Southmere Lake, Thamesmead South, London, England, UK","['Warner Bros.', 'Polaris Productions', 'Hawk Films']","$26,617,553"
114. To Kill a Mockingbird,1962,8.3,Robert Mulligan,"['Legal Drama', 'Period Drama', 'Crime', 'Drama']","March 16, 1963",United States,,['English'],"Monroeville, Alabama, USA","['Pakula-Mulligan', 'Brentwood Productions']","$592,237"
115. A Separation,2011,8.3,Asghar Farhadi,"['Legal Drama', 'Psychological Drama', 'Drama']","March 16, 2011",Iran,"['http://www.golem.es/distribucion/pelicula.php?id=248', 'http://distribution.memento-films.com/film/infos/21']",['Persian'],"Tehran, Iran","['Asghar Farhadi Productions', 'Dreamlab Films', 'MPA APSA Academy Film Fund']","$7,099,055"
116. The Sting,1973,8.3,George Roy Hill,"['Caper', 'Comedy', 'Crime', 'Drama']","December 25, 1973",United States,,['English'],"Union Station - Canal St. & Jackson Blvd., Near West Side, Chicago, Illinois, USA","['Zanuck/Brown Productions', 'Universal Pictures']","$156,000,000"
117. Die Hard,1988,8.2,John McTiernan,"['One-Person Army Action', 'Action', 'Holiday', 'Thriller']","July 20, 1988",United States,"['https://www.facebook.com/DieHardMovies?ref=stream', 'https://www.foxmovies.com/movies/die-hard']","['English', 'German', 'Italian', 'Japanese']","Fox Plaza - 2121 Avenue of the Stars, Century City, Los Angeles, California, USA","['Twentieth Century Fox', 'Gordon Company', 'Silver Pictures']","$85,892,546"
118. Indiana Jones and the Last Crusade,1989,8.2,Steven Spielberg,"['Adventure Epic', 'Desert Adventure', 'Globetrotting Adventure', 'Quest', 'Action', 'Adventure']","May 24, 1989",United States,,"['English', 'German', 'Greek', 'Latin', 'Italian']","Moab, Utah, USA","['Paramount Pictures', 'Lucasfilm']","$197,171,806"
119. Like Stars on Earth,2007,8.3,Aamir Khan,"['Drama', 'Family']","December 21, 2007",India,,"['Hindi', 'English']","Panchgani, Maharashtra, India","['Aamir Khan Productions', 'PVR Pictures']","$352,568"
120. Metropolis,1927,8.3,Fritz Lang,"['Dystopian Sci-Fi', 'Epic', 'Sci-Fi Epic', 'Steampunk', 'Drama', 'Sci-Fi']","March 13, 1927",Germany,,"['German', 'English']","Berlin, Germany",['Universum Film (UFA)'],"$1,236,166"
121. Snatch,2000,8.2,Guy Ritchie,"['Caper', 'Dark Comedy', 'Gangster', 'Comedy', 'Crime']","January 19, 2001",United Kingdom,"['https://www.filmymen.us/2022/11/snatch-movie-snatch-full-movie-2000.html', 'https://www.facebook.com/snatch']","['English', 'Russian']","Hatton Garden, Clerkenwell, London, Greater London, England, UK","['Screen Gems', 'SKA Films']","$30,328,156"
122. 1917,2019,8.2,Sam Mendes,"['Epic', 'Period Drama', 'War Epic', 'Action', 'Drama', 'War']","January 10, 2020",United Kingdom,"['https://www.jiotv.com/full-movie/1917/98e4d62f61f05add8dd82f08238c472c', 'http://www.facebook.com/1917Film/']","['English', 'French', 'German']","Salisbury Plain, Wiltshire, England, UK","['Dreamworks Pictures', 'Reliance Entertainment', 'New Republic Pictures']","$159,227,644"
123. L.A. Confidential,1997,8.2,Curtis Hanson,"['Conspiracy Thriller', 'Cop Drama', 'Hard-boiled Detective', 'Period Drama', 'Police Procedural', 'Suspense Mystery', 'Whodunnit', 'Crime', 'Drama', 'Mystery']","September 19, 1997",United States,,['English'],"Frolic Room - 6245 Hollywood Blvd., Hollywood, Los Angeles, California, USA","['Regency Enterprises', 'New Regency Productions', 'The Wolper Organization']","$64,616,940"
124. Bicycle Thieves,1948,8.3,Vittorio De Sica,"['Tragedy', 'Drama']","December 13, 1949",Italy,,"['Italian', 'German']","Citta Valmelaina, Via Salaria, Rome, Lazio, Italy",['Produzioni De Sica'],"$371,111"
125. Downfall,2004,8.2,Oliver Hirschbiegel,"['Docudrama', 'Political Drama', 'Tragedy', 'Biography', 'Drama', 'History', 'War']","April 8, 2005",Germany,,"['German', 'Russian', 'French', 'English']","St. Petersburg, Russia","['Constantin Film', 'Norddeutscher Rundfunk (NDR)', 'Westdeutscher Rundfunk (WDR)']","$5,509,040"
126. Taxi Driver,1976,8.2,Martin Scorsese,"['Psychological Drama', 'Crime', 'Drama']","February 9, 1976",United States,,"['English', 'Spanish']","87 Columbia Heights, Brooklyn, New York, USA","['Columbia Pictures', 'Bill/Phillips', 'Italo/Judeo Productions']","$28,262,574"
127. Hamilton,2020,8.3,Thomas Kail,"['Epic', 'Biography', 'Drama', 'History', 'Musical']","July 3, 2020",United States,"['https://www.disneyplus.com/movies/wp/3uPmBHWlO6HJ', 'https://www.hotstar.com/id/movies/hamilton/1260032145']","['English', 'French']","Richard Rodgers Theatre - 226 W. 46th Street, Manhattan, New York City, New York, USA","['Walt Disney Pictures', '5000 Broadway Productions', 'Nevis Productions']",
128. Dangal,2016,8.3,Nitesh Tiwari,"['Action', 'Biography', 'Drama', 'Sport']","December 21, 2016",India,,"['Hindi', 'English']","Pune, Maharashtra, India","['Aamir Khan Productions', 'UTV Motion Pictures', 'Walt Disney Pictures']","$12,391,761"
129. The Wolf of Wall Street,2013,8.2,Martin Scorsese,"['Dark Comedy', 'Docudrama', 'Epic', 'Satire', 'True Crime', 'Biography', 'Comedy', 'Crime', 'Drama', 'Financial Drama']","December 25, 2013",United States,"['https://www.facebook.com/TheWolfOfWallStreet', 'https://www.jiotv.com/full-movie/the-wolf-of-wall-street/6466d9e17c28529190d541a81b4d2c82']","['English', 'French']","Portofino, Genoa, Liguria, Italy","['Red Granite Pictures', 'Appian Way', 'Sikelia Productions']","$116,900,694"
130. Batman Begins,2005,8.2,Christopher Nolan,"['Action Epic', 'Epic', 'Superhero', 'Tragedy', 'Action', 'Drama']","June 15, 2005",United States,,"['English', 'Mandarin']","Skaftafell, Iceland","['Warner Bros.', 'Syncopy', 'DC Comics']","$206,863,479"
131. For a Few Dollars More,1965,8.2,Sergio Leone,"['One-Person Army Action', 'Spaghetti Western', 'Drama', 'Western']","May 10, 1967",Italy,,"['Italian', 'English']","Mini Hollywood, Tabernas, Almería, Andalucía, Spain","['Produzioni Europee Associate (PEA)', 'Arturo González Producciones Cinematográficas', 'Constantin Film']","$15,000,000"
132. Green Book,2018,8.2,Peter Farrelly,"['Docudrama', 'Period Drama', 'Road Trip', 'Biography', 'Comedy', 'Drama', 'Music']","November 16, 2018",United States,"['http://www.facebook.com/GreenBookMovie/', 'http://www.facebook.com/GreenBookFilmUK/']","['English', 'Italian', 'Russian', 'German']","Houmas House Plantation, Burnside, Louisiana, USA","['Participant', 'Dreamworks Pictures', 'Innisfree Pictures']","$85,080,171"
133. Some Like It Hot,1959,8.2,Billy Wilder,"['Buddy Comedy', 'Farce', 'Screwball Comedy', 'Comedy', 'Music', 'Romance']","March 19, 1959",United States,,['English'],"Hotel del Coronado - 1500 Orange Avenue, Coronado, California, USA","['Ashton Productions', 'The Mirisch Corporation']","$208,457"
134. The Truman Show,1998,8.2,Peter Weir,"['Dark Comedy', 'High-Concept Comedy', 'Psychological Drama', 'Satire', 'Showbiz Drama', 'Comedy', 'Drama']","June 5, 1998",United States,,['English'],"Seaside, Florida, USA","['Paramount Pictures', 'Scott Rudin Productions']","$125,618,201"
135. Judgment at Nuremberg,1961,8.3,Stanley Kramer,"['Legal Drama', 'Drama', 'War']","December 18, 1961",United States,,"['English', 'German']","former Reichsparteitag area, Nuremberg, Bavaria, Germany",['Roxlom Films Inc.'],"$12,180"
136. The Kid,1921,8.2,Charles Chaplin,"['Buddy Comedy', 'Slapstick', 'Comedy', 'Drama', 'Family']","February 6, 1921",United States,"['https://www.instagram.com/charliechaplinofficial/', 'https://www.charliechaplin.com/en/films/1-The-Kid']","['None', 'English']","Chaplin Studios - 1416 N. La Brea Avenue, Hollywood, Los Angeles, California, USA",['Charles Chaplin Productions'],"$41,979"
137. The Father,2020,8.2,Florian Zeller,"['Psychological Drama', 'Drama', 'Mystery']","February 26, 2021",United Kingdom,"['https://www.facebook.com/TheFatherMovieUS/', 'https://thefather.jp/']",['English'],"Blythe House, 23 Blythe Road, West Kensington, London, Greater London, England, UK","['Les Films du Cru', 'Film4', 'Orange Studio']","$2,122,771"
138. Shutter Island,2010,8.2,Martin Scorsese,"['Psychological Thriller', 'Suspense Mystery', 'Drama', 'Mystery', 'Thriller']","February 19, 2010",United States,,"['English', 'German']","Peddocks Island, Boston Harbor, Boston, Massachusetts, USA","['Paramount Pictures', 'Phoenix Pictures', 'Sikelia Productions']","$128,012,934"
139. All About Eve,1950,8.2,Joseph L. Mankiewicz,"['Showbiz Drama', 'Drama']","October 27, 1950",United States,,"['English', 'French']","Curran Theatre, San Francisco, California, USA",['Twentieth Century Fox'],"$63,463"
140. There Will Be Blood,2007,8.2,Paul Thomas Anderson,"['Epic', 'Period Drama', 'Psychological Drama', 'Tragedy', 'Drama']","January 25, 2008",United States,"['http://www.facebook.com/ThereWillBeBloodMovie', 'http://www.miramax.com/movie/there-will-be-blood']","['English', 'American Sign Language']","Lompoc, California, USA","['Paramount Vantage', 'Miramax', 'Ghoulardi Film Company']","$40,222,514"
141. Jurassic Park,1993,8.2,Steven Spielberg,"['Dinosaur Adventure', 'Jungle Adventure', 'Action', 'Adventure', 'Sci-Fi', 'Thriller']","June 11, 1993",United States,,"['English', 'Spanish']","Tehachapi Pass, California, USA","['Universal Pictures', 'Amblin Entertainment']","$407,185,075"
142. Casino,1995,8.2,Martin Scorsese,"['Docudrama', 'Epic', 'Gangster', 'True Crime', 'Crime', 'Drama']","November 22, 1995",France,,['English'],"Le Bistro Lounge, Riviera Hotel & Casino - 2901 Las Vegas Boulevard South, Las Vegas, Nevada, USA","['Universal Pictures', 'Syalis DA', 'Légende Entreprises']","$42,512,375"
143. Top Gun: Maverick,2022,8.2,Joseph Kosinski,"['Action Epic', 'Epic', 'Action', 'Drama']","May 27, 2022",United States,"['https://www.facebook.com/TopGunMovie', 'https://www.topgunmovie.com/']",['English'],"Eldorado National Forest, California, USA","['Paramount Pictures', 'Skydance Media', 'Jerry Bruckheimer Films']","$718,732,821"
144. The Sixth Sense,1999,8.2,M. Night Shyamalan,"['Psychological Drama', 'Psychological Thriller', 'Suspense Mystery', 'Drama', 'Mystery', 'Thriller']","August 6, 1999",United States,"['https://www.hotstar.com/id/movies/the-sixth-sense/1260018039', 'https://www.youtube.com/watch?v=eZbKG31K9Hg']","['English', 'Latin', 'Spanish']","Striped Bass - 1500 Walnut Street, Philadelphia, Pennsylvania, USA","['Hollywood Pictures', 'Spyglass Entertainment', 'The Kennedy/Marshall Company']","$293,506,292"
145. Ran,1985,8.2,Akira Kurosawa,"['Samurai', 'Tragedy', 'War Epic', 'Action', 'Drama', 'War']","June 1, 1985",Japan,,['Japanese'],"Aso-Kuju National Park, Kumamoto, Japan","['Greenwich Film Productions', 'Herald Ace', 'Nippon Herald Films']","$4,135,750"
146. Pan's Labyrinth,2006,8.2,Guillermo del Toro,"['Coming-of-Age', 'Dark Fantasy', 'Fairy Tale', 'Period Drama', 'Supernatural Fantasy', 'Teen Fantasy', 'Tragedy', 'Drama', 'Fantasy', 'War']","January 19, 2007",Mexico,,['Spanish'],"El Espinar, Segovia, Castilla y León, Spain","['Tequila Gang', 'Estudios Picasso', 'Esperanto Filmoj']","$37,646,380"
147. No Country for Old Men,2007,8.2,Ethan Coen,"['Contemporary Western', 'Serial Killer', 'Crime', 'Drama', 'Thriller']","November 21, 2007",United States,"['https://www.facebook.com/NoCountryForOldMenMovie', 'http://www.miramax.com/movie/no-country-for-old-men']","['English', 'Spanish']","Marfa, Texas, USA","['Paramount Vantage', 'Miramax', 'Scott Rudin Productions']","$74,283,625"
148. Unforgiven,1992,8.2,Clint Eastwood,"['Period Drama', 'Tragedy', 'Drama', 'Western']","August 7, 1992",United States,,['English'],"Brooks, Alberta, Canada","['Warner Bros.', 'Malpaso Productions']","$101,167,799"
149. The Thing,1982,8.2,John Carpenter,"['Alien Invasion', 'Body Horror', 'Monster Horror', 'Supernatural Horror', 'Tragedy', 'Horror', 'Mystery', 'Sci-Fi']","June 25, 1982",United States,,"['English', 'Norwegian']","Kimberley, British Columbia, Canada","['Universal Pictures', 'Turman-Foster Company', 'Province of BC, Ministry of Tourism, Film Promotion Office']","$19,857,465"
150. A Beautiful Mind,2001,8.2,Ron Howard,"['Docudrama', 'Period Drama', 'Psychological Drama', 'Biography', 'Drama', 'Mystery']","January 4, 2002",United States,"['https://www.facebook.com/ABeautifulMindFilm', 'http://www.abeautifulmind.com/']",['English'],"Manhattan College - Manhattan College Parkway, Riverdale, Manhattan, New York City, New York, USA","['Universal Pictures', 'Dreamworks Pictures', 'Imagine Entertainment']","$170,742,341"
151. Kill Bill: Vol. 1,2003,8.2,Quentin Tarantino,"['Martial Arts', 'One-Person Army Action', 'Action', 'Crime', 'Thriller']","October 10, 2003",United States,,"['English', 'Japanese', 'French']","St. Luke's Hospital - 2632 E. Washington Street, Pasadena, California, USA","['Miramax', 'A Band Apart', 'Super Cool ManChu']","$70,099,045"
152. The Treasure of the Sierra Madre,1948,8.2,John Huston,"['Tragedy', 'Adventure', 'Drama', 'Western']","January 24, 1948",United States,,"['English', 'Spanish']","Kernville, California, USA",['Warner Bros.'],"$5,014,000"
153. Yojimbo,1961,8.2,Akira Kurosawa,"['One-Person Army Action', 'Period Drama', 'Samurai', 'Action', 'Drama', 'Thriller']","September 13, 1961",Japan,,['Japanese'],"Toho Studios, Tokyo, Japan","['Kurosawa Production Co.', 'Sammy', 'Toho']","$15,942"
154. The Wild Robot,2024,8.3,Chris Sanders,"['Computer Animation', 'Survival', 'Animation', 'Sci-Fi']","September 27, 2024",United States,"['https://www.facebook.com/dreamworksthewildrobot/', 'https://www.instagram.com/thewildrobot/']",['English'],,"['Dentsu', 'DreamWorks Animation']","$142,605,235"
155. Prisoners,2013,8.2,Denis Villeneuve,"['Psychological Thriller', 'Suspense Mystery', 'Crime', 'Drama', 'Mystery', 'Thriller']","September 20, 2013",United States,"['http://prisonersmovie.warnerbros.com/', 'http://prisoners.jp/']",['English'],"Conyers, Georgia, USA","['Alcon Entertainment', '8:38 Productions', 'Madhouse Entertainment']","$61,002,302"
156. Finding Nemo,2003,8.2,Andrew Stanton,"['Animal Adventure', 'Buddy Comedy', 'Computer Animation', 'Quest', 'Sea Adventure', 'Adventure', 'Animation', 'Comedy', 'Family']","May 30, 2003",United States,"['https://www.facebook.com/PixarFindingNemo', 'http://movies.disney.com/finding-nemo']","['English', 'Japanese', 'Russian']","Pixar Animation Studios - 1200 Park Avenue, Emeryville, California, USA","['Walt Disney Pictures', 'Pixar Animation Studios']","$380,843,261"
157. The Great Escape,1963,8.2,John Sturges,"['Period Drama', 'Prison Drama', 'War Epic', 'Adventure', 'Drama', 'Thriller', 'War']","July 4, 1963",United States,,"['English', 'German', 'French', 'Russian', 'Spanish']","Füssen, Bavaria, Germany","['The Mirisch Company', 'Alpha Productions']","$230,637"
158. Monty Python and the Holy Grail,1975,8.2,Terry Gilliam,"['Parody', 'Quest', 'Sketch Comedy', 'Slapstick', 'Sword & Sorcery', 'Adventure', 'Comedy', 'Fantasy']","May 25, 1975",United Kingdom,,"['English', 'French', 'Latin', 'Swedish']","Castle Stalker, Appin, Argyll and Bute, Scotland, UK","['Python (Monty) Pictures', 'Michael White Productions', 'National Film Trustee Company']","$2,562,392"
159. Howl's Moving Castle,2004,8.2,Hayao Miyazaki,"['Adventure Epic', 'Anime', 'Hand-Drawn Animation', 'Supernatural Fantasy', 'Adventure', 'Animation', 'Family', 'Fantasy']","June 17, 2005",Japan,,['Japanese'],,"[""Howl's Moving Castle Production Committee"", 'Buena Vista Home Entertainment', 'DENTSU Music And Entertainment']","$9,173,958"
160. The Elephant Man,1980,8.2,David Lynch,"['Docudrama', 'Period Drama', 'Tragedy', 'Biography', 'Drama']","October 10, 1980",United States,,"['English', 'French']","Butler's Wharf, Shad Thames, Southwark, London, England, UK",['Brooksfilms'],"$26,010,864"
161. Rashomon,1950,8.2,Akira Kurosawa,"['Period Drama', 'Crime', 'Drama', 'Mystery']","December 26, 1951",Japan,,['Japanese'],"Komyoji Temple, Kyoto, Japan",['Daiei'],"$46,808"
162. Dial M for Murder,1954,8.2,Alfred Hitchcock,"['Crime', 'Thriller']","May 29, 1954",United States,,['English'],"Stage 5, Warner Brothers Burbank Studios - 4000 Warner Boulevard, Burbank, California, USA",['Warner Bros.'],"$24,845"
163. Gone with the Wind,1939,8.2,Victor Fleming,"['Costume Drama', 'Epic', 'Period Drama', 'Romantic Epic', 'Tragic Romance', 'War Epic', 'Drama', 'Romance', 'War']","January 17, 1940",United States,,['English'],"Big Bear Lake, Big Bear Valley, San Bernardino National Forest, California, USA","['Selznick International Pictures', 'Metro-Goldwyn-Mayer (MGM)']","$200,882,193"
164. Chinatown,1974,8.1,Roman Polanski,"['Conspiracy Thriller', 'Hard-boiled Detective', 'Psychological Drama', 'Psychological Thriller', 'Tragedy', 'Drama', 'Mystery', 'Thriller']","June 20, 1974",United States,,"['English', 'Cantonese', 'Spanish']","Big Tujunga Wash at Foothill Blvd., Sunland, Los Angeles, California, USA","['Paramount Pictures', 'Penthouse Video', 'Long Road Productions']","$29,200,000"
165. The Secret in Their Eyes,2009,8.2,Juan José Campanella,"['Dark Romance', 'Erotic Thriller', 'Legal Thriller', 'Period Drama', 'Psychological Drama', 'Psychological Thriller', 'Suspense Mystery', 'Tragedy', 'Whodunnit', 'Drama']","May 21, 2010",Argentina,,['Spanish'],"Estación Retiro, Retiro, Buenos Aires, Federal District, Argentina","['Tornasol Films', 'Haddock Films', '100 Bares']","$6,391,436"
"166. Lock, Stock and Two Smoking Barrels",1998,8.1,Guy Ritchie,"['Farce', 'Comedy', 'Crime']","August 28, 1998",United Kingdom,,['English'],"St John Street, London, Greater London, England, UK","['Summit Entertainment', 'The Steve Tisch Company', 'SKA Films']","$3,753,929"
167. Inside Out,2015,8.1,Pete Docter,"['Coming-of-Age', 'Computer Animation', 'Adventure', 'Animation', 'Comedy', 'Drama', 'Family', 'Fantasy']","June 19, 2015",United States,"['http://movies.disney.com/inside-out', 'http://aja.disney.com/inside-out']","['English', 'Portuguese', 'Latvian']","Pixar Animation Studios - 1200 Park Avenue, Emeryville, California, USA","['Pixar Animation Studios', 'Walt Disney Pictures']","$356,461,711"
168. V for Vendetta,2005,8.1,James McTeigue,"['Dystopian Sci-Fi', 'Political Thriller', 'Superhero', 'Action', 'Drama', 'Sci-Fi', 'Thriller']","March 17, 2006",United States,"['https://www.facebook.com/pages/V-For-Vendetta/191457994228848', 'http://vforvendetta.warnerbros.com/']","['English', 'French', 'Latin', 'Spanish']","Aldwych Underground Railway Station, Surrey Street, Aldwych, Westminster, Greater London, England, UK","['Warner Bros.', 'DC Comics', 'Virtual Studios']","$70,511,035"
169. Demon Slayer: Kimetsu no Yaiba - Tsuzumi Mansion Arc,2021,8.8,Haruo Sotozaki,"['Anime', 'Action', 'Animation', 'Fantasy']","October 7, 2021",Japan,,['Japanese'],,[],
"170. Three Billboards Outside Ebbing, Missouri",2017,8.1,Martin McDonagh,"['Dark Comedy', 'Satire', 'Comedy', 'Crime', 'Drama']","December 1, 2017",United Kingdom,"['https://www.channel4.com/programmes/three-billboards-outside-ebbing-missouri', 'http://www.facebook.com/ThreeBillboardsOutsideEbbing/']",['English'],"Black Mountain, North Carolina, USA","['Blueprint Pictures', 'Film4', 'Searchlight Pictures']","$54,513,740"
171. Raging Bull,1980,8.1,Martin Scorsese,"['Boxing', 'Docudrama', 'Biography', 'Drama', 'Sport']","December 19, 1980",United States,,['English'],"Hell's Kitchen, Manhattan, New York City, New York, USA",['Chartoff-Winkler Productions'],"$23,383,987"
172. Klaus,2019,8.2,Sergio Pablos,"['Hand-Drawn Animation', 'Holiday Animation', 'Holiday Comedy', 'Holiday Family', 'Adventure', 'Animation', 'Comedy', 'Family', 'Fantasy', 'Holiday']","November 15, 2019",Spain,,"['English', 'Saami']",,"['The SPA Studios', 'Atresmedia Cine', 'Netflix Animation']",1.85 : 1
173. The Bridge on the River Kwai,1957,8.1,David Lean,"['Jungle Adventure', 'War Epic', 'Adventure', 'Drama', 'War']","December 14, 1957",United Kingdom,,"['English', 'Japanese', 'Thai']","Ambepussa, Sri Lanka",['Horizon Pictures (II)'],"$27,200,000"
174. Trainspotting,1996,8.1,Danny Boyle,"['Dark Comedy', 'Psychological Drama', 'Drama']","August 9, 1996",United Kingdom,"['http://www.facebook.com/TrainSpottingOfficial', 'http://www.miramax.com/movie/trainspotting']",['English'],"Corrour Railway Station, Highland, Scotland, UK","['Miramax', 'Channel Four Films', 'Figment Films']","$16,491,080"
175. Catch Me If You Can,2002,8.1,Steven Spielberg,"['Caper', 'Coming-of-Age', 'Docudrama', 'Period Drama', 'True Crime', 'Biography', 'Crime', 'Drama']","December 25, 2002",United States,,"['English', 'French']","Alcatraz Prison, Alcatraz Island, San Francisco Bay, California, USA","['Dreamworks Pictures', 'Kemp Company', 'Splendid Pictures']","$164,615,351"
176. Fargo,1996,8.1,Joel Coen,"['Cop Drama', 'Dark Comedy', 'Police Procedural', 'Tragedy', 'Crime', 'Drama', 'Thriller']","April 5, 1996",United Kingdom,"['https://www.facebook.com/Fargo', 'https://fargo.officialwebsite.art/']",['English'],"Grafton, North Dakota, USA","['PolyGram Filmed Entertainment', 'Working Title Films']","$24,611,975"
177. Warrior,2011,8.1,Gavin O'Connor,"['Boxing', 'Action', 'Drama', 'Sport']","September 9, 2011",United States,,"['English', 'Spanish']","Meadows Racetrack & Casino - 210 Racetrack Road, Washington, Pennsylvania, USA","['Lionsgate', 'Mimran Schur Pictures', 'Solaris']","$13,657,115"
178. Spider-Man: No Way Home,2021,8.2,Jon Watts,"['Superhero', 'Supernatural Fantasy', 'Urban Adventure', 'Action', 'Adventure', 'Fantasy', 'Sci-Fi']","December 17, 2021",United States,,['English'],Iceland,"['Columbia Pictures', 'Pascal Pictures', 'Marvel Studios']","$814,866,759"
179. Gran Torino,2008,8.1,Clint Eastwood,['Drama'],"January 9, 2009",Germany,"['https://www.facebook.com/GranTorinoFilm', 'http://wwws.warnerbros.co.jp/grantorino/']","['English', 'Hmong']","238 Rhode Island Street Highland Park Michigan, USA","['Matten Productions', 'Double Nickel Entertainment', 'Gerber Pictures']","$148,095,302"
180. Harry Potter and the Deathly Hallows: Part 2,2011,8.1,David Yates,"['Dark Fantasy', 'Teen Adventure', 'Teen Fantasy', 'Adventure', 'Family', 'Fantasy', 'Mystery']","July 15, 2011",United Kingdom,"['http://www.facebook.com/harrypotter', 'http://www.instagram.com/harrypotter']","['English', 'Latin']","Freshwater West Beach, Castlemartin, Pembroke, Pembrokeshire, Wales, UK","['Warner Bros.', 'Heyday Films']","$381,447,587"
181. Million Dollar Baby,2004,8.1,Clint Eastwood,"['Boxing', 'Tragedy', 'Drama', 'Sport']","January 28, 2005",United States,"['https://www.facebook.com/MillionDollarBabyMovie', 'https://www.warnerbros.com/movies/million-dollar-baby']","['English', 'Irish Gaelic']","Hollywood Athletic Club - 6525 W. Sunset Blvd., Hollywood, Los Angeles, California, USA","['Warner Bros.', 'Lakeshore Entertainment', 'Malpaso Productions']","$100,492,203"
182. My Neighbor Totoro,1988,8.1,Hayao Miyazaki,"['Anime', 'Hand-Drawn Animation', 'Iyashikei', 'Animation', 'Comedy', 'Family', 'Fantasy']","July 13, 1990",Japan,"['https://www.ghibli.jp/works/totoro/', 'http://movies.disney.com/my-neighbor-totoro']",['Japanese'],,"['Tokuma Japan Communications', 'Studio Ghibli', 'Nibariki']","$2,250,213"
183. Mad Max: Fury Road,2015,8.1,George Miller,"['Action Epic', 'Adventure Epic', 'Car Action', 'Desert Adventure', 'Dystopian Sci-Fi', 'Quest', 'Road Trip', 'Action', 'Adventure', 'Sci-Fi']","May 15, 2015",Australia,"['https://www.facebook.com/MadMaxMovie', 'https://www.warnerbros.com/movies/mad-max-fury-road/']","['English', 'Russian']","Namib Desert, Namibia","['Warner Bros.', 'Village Roadshow Pictures', 'Kennedy Miller Mitchell']","$154,280,290"
184. Ben-Hur,1959,8.1,William Wyler,"['Adventure Epic', 'Epic', 'Period Drama', 'Sword & Sandal', 'Adventure', 'Drama']","November 18, 1959",United States,"['https://www.facebook.com/BenHurMovie/', 'https://www.warnerbros.com/movies/ben-hur']",['English'],"Corner of Via di Salone and Via delle Case Rosse, Salone Caves, Rome, Lazio, Italy",['Metro-Goldwyn-Mayer (MGM)'],"$74,432,704"
185. Children of Heaven,1997,8.2,Majid Majidi,"['Drama', 'Family', 'Sport']","January 22, 1999",Iran,"['http://www.facebook.com/ChildrenofHeavenMovie', 'http://www.miramax.com/movie/children-of-heaven']",['Persian'],"Tehran, Iran",['Kanun parvaresh fekri'],"$933,933"
186. Barry Lyndon,1975,8.1,Stanley Kubrick,"['Costume Drama', 'Epic', 'Period Drama', 'Adventure', 'Drama', 'War']","December 18, 1975",United Kingdom,,"['English', 'German', 'French']","Carton House, Maynooth, County Kildare, Ireland","['Peregrine', 'Hawk Films', 'Warner Bros.']","$279,084"
187. 12 Years a Slave,2013,8.1,Steve McQueen,"['Costume Drama', 'Docudrama', 'Epic', 'Period Drama', 'Tragedy', 'Biography', 'Drama', 'History']","November 8, 2013",United Kingdom,,['English'],"Madame John's Legacy, the French Quarter, New Orleans, Louisiana, USA","['New Regency Productions', 'River Road Entertainment', 'Plan B Entertainment']","$56,671,993"
188. Blade Runner,1982,8.1,Ridley Scott,"['Artificial Intelligence', 'Cyber Thriller', 'Cyberpunk', 'Dystopian Sci-Fi', 'Action', 'Drama', 'Sci-Fi', 'Thriller']","June 25, 1982",United States,,"['English', 'German', 'Cantonese', 'Japanese', 'Hungarian', 'Arabic', 'Korean']","Bradbury Building - 304 S. Broadway, Downtown, Los Angeles, California, USA","['The Ladd Company', 'Shaw Brothers', 'Warner Bros.']","$32,914,489"
189. Before Sunrise,1995,8.1,Richard Linklater,"['Drama', 'Romance']","January 27, 1995",United States,,"['English', 'German', 'French']","Café Sperl, Gumpendorfer Strasse 11, Vienna, Austria","['Castle Rock Entertainment', 'Detour Filmproduction', 'Filmhaus Wien Universa Filmproduktions']","$5,535,405"
190. The Grand Budapest Hotel,2014,8.1,Wes Anderson,"['Caper', 'Quirky Comedy', 'Adventure', 'Comedy', 'Crime']","March 28, 2014",United States,,"['English', 'French', 'German']","Görlitz, Saxony, Germany","['Fox Searchlight Pictures', 'Indian Paintbrush', 'Studio Babelsberg']","$59,301,324"
191. Hacksaw Ridge,2016,8.1,Mel Gibson,"['Docudrama', 'Epic', 'Period Drama', 'War Epic', 'Biography', 'Drama', 'History', 'War']","November 4, 2016",United States,"['https://www.facebook.com/HacksawRidge/', 'http://hacksawridge.jp/']","['English', 'Japanese']","Sydney, New South Wales, Australia","['Summit Entertainment', 'Cross Creek Pictures', 'Demarest Films']","$67,209,615"
192. Dead Poets Society,1989,8.1,Peter Weir,"['Coming-of-Age', 'Teen Drama', 'Comedy', 'Drama']","June 9, 1989",United States,,"['English', 'Latin']","St. Andrew's School - 350 Noxontown Road, Middletown, Delaware, USA","['Touchstone Pictures', 'Silver Screen Partners IV', 'A Steven Haft Production']","$95,860,116"
193. Gone Girl,2014,8.1,David Fincher,"['Erotic Thriller', 'Psychological Drama', 'Psychological Thriller', 'Suspense Mystery', 'Tragedy', 'Drama', 'Mystery', 'Thriller']","October 3, 2014",United States,"['http://www.facebook.com/GoneGirlMovie', 'https://www.foxmovies.com/movies/gone-girl']",['English'],"Cape Girardeau, Missouri, USA","['Twentieth Century Fox', 'New Regency Productions', 'TSG Entertainment']","$167,767,189"
194. Memories of Murder,2003,8.1,Bong Joon Ho,"['Dark Comedy', 'Korean Drama', 'Police Procedural', 'Serial Killer', 'True Crime', 'Crime', 'Drama', 'Mystery', 'Thriller']","May 2, 2003",South Korea,,"['Korean', 'English']",South Korea,"['Sidus', 'CJ Entertainment', 'Muhan Investment']","$15,357"
195. Maharaja,2024,8.5,Nithilan Saminathan,"['Action', 'Crime', 'Drama', 'Thriller']","June 13, 2024",India,,['Tamil'],,"['Passion Studios', 'The Route']",
196. In the Name of the Father,1993,8.1,Jim Sheridan,"['Docudrama', 'Legal Drama', 'Period Drama', 'Prison Drama', 'Tragedy', 'True Crime', 'Biography', 'Crime', 'Drama']","February 25, 1994",Ireland,,['English'],"Kilmainham Jail, Dublin, County Dublin, Ireland","[""Hell's Kitchen Films"", 'Universal Pictures']","$25,096,862"
197. The Gold Rush,1925,8.1,Charles Chaplin,"['Farce', 'Feel-Good Romance', 'Romantic Comedy', 'Slapstick', 'Adventure', 'Comedy', 'Drama', 'Romance', 'Western']","August 16, 1925",United States,"['https://www.instagram.com/charliechaplinofficial/', 'https://www.charliechaplin.com/en/films/2-The-Gold-Rush']","['None', 'English']","Sierra Nevada Mountains, California, USA",['Charles Chaplin Productions'],"$31,490"
"198. Monsters, Inc.",2001,8.1,Pete Docter,"['Buddy Comedy', 'Computer Animation', 'Supernatural Fantasy', 'Urban Adventure', 'Adventure', 'Animation', 'Comedy', 'Family', 'Fantasy']","November 23, 2001",United States,"['https://www.facebook.com/PixarMonstersInc', 'https://www.pixar.com/feature-films/monsters-inc']",['English'],"Pixar Animation Studios - 1200 Park Avenue, Emeryville, California, USA","['Walt Disney Pictures', 'Pixar Animation Studios']","$290,642,256"
199. Wild Tales,2014,8.1,Damián Szifron,"['Dark Comedy', 'Comedy', 'Drama', 'Thriller']","August 21, 2014",Argentina,"['http://php.warnerlab.com.br/relatosselvagens/', 'https://es-es.facebook.com/relatossalvajesoficial']",['Spanish'],"Cafayate, Salta, Argentina","['K&S Films', 'El Deseo', 'Televisión Federal (Telefe)']","$3,106,530"
200. Ratatouille,2007,8.1,Brad Bird,"['Animal Adventure', 'Computer Animation', 'Adventure', 'Animation', 'Comedy', 'Family', 'Fantasy']","June 27, 2007",United States,"['https://movies.disney.com/ratatouille', 'https://www.hotstar.com/id/movies/ratatouille/1260016855']","['English', 'French']","Pixar Animation Studios - 1200 Park Avenue, Emeryville, California, USA","['Walt Disney Pictures', 'Pixar Animation Studios']","$206,445,654"
201. How to Train Your Dragon,2010,8.1,Dean DeBlois,"['Computer Animation', 'Sword & Sorcery', 'Teen Fantasy', 'Action', 'Adventure', 'Animation', 'Family', 'Fantasy']","March 26, 2010",United States,"['https://www.facebook.com/HowToTrainYourDragon', 'http://www.howtotrainyourdragon.com/']",['English'],,"['DreamWorks Animation', 'Mad Hatter Entertainment', 'Vertigo Entertainment']","$217,581,231"
202. The Deer Hunter,1978,8.1,Michael Cimino,"['Epic', 'War Epic', 'Drama', 'War']","February 23, 1979",United States,"['https://www.facebook.com/TheDeerHunterMovie/', 'https://www.uphe.com/movies/the-deer-hunter']","['English', 'Vietnamese', 'French', 'Russian', 'Cantonese']","St. Theodosius Russian Orthodox Church - 733 Starkweather Avenue, Cleveland, Ohio, USA",['EMI Films'],"$48,979,328"
203. Jaws,1975,8.1,Steven Spielberg,"['Sea Adventure', 'Survival', 'Adventure', 'Drama', 'Thriller']","June 20, 1975",United States,,['English'],"Water Street, Edgartown, Martha's Vineyard, Massachusetts, USA","['Zanuck/Brown Productions', 'Universal Pictures']","$266,567,580"
204. The General,1926,8.1,Clyde Bruckman,"['Farce', 'Slapstick', 'Action', 'Adventure', 'Comedy', 'Drama', 'War']","January 2, 1927",United States,,['None'],"Cottage Grove, Oregon, USA","['Buster Keaton Productions', 'Joseph M. Schenck Productions']",$612
205. Sherlock Jr.,1924,8.2,Buster Keaton,"['Bumbling Detective', 'Farce', 'Feel-Good Romance', 'Slapstick', 'Action', 'Comedy', 'Romance']","May 11, 1924",United States,,"['None', 'English']","3630 Pasadena Ave, Los Angeles, California, USA",['Buster Keaton Productions'],1.33 : 1
206. Mary and Max,2009,8.1,Adam Elliot,"['Adult Animation', 'Coming-of-Age', 'Dark Comedy', 'Stop Motion Animation', 'Animation', 'Comedy', 'Drama']","April 9, 2009",Australia,"['https://www.mfa-film.de/kino/id/mary-max-oder-schrumpfen-schafe-wenn-es-regnet-2/', 'http://maryandmax-movie.com/']","['English', 'Yiddish']","Melbourne, Victoria, Australia",['Melodrama Pictures'],"$1,740,791"
207. On the Waterfront,1954,8.1,Elia Kazan,"['Crime', 'Drama', 'Thriller']","June 22, 1954",United States,,"['English', 'Latin']","St Peter and St Paul Church - 400 Hudson Street, Hoboken, New Jersey, USA",['Horizon Pictures'],"$3,768"
208. The Wages of Fear,1953,8.1,Henri-Georges Clouzot,"['Psychological Drama', 'Survival', 'Adventure', 'Drama', 'Thriller']","February 16, 1955",France,,"['French', 'English', 'Spanish', 'German', 'Italian', 'Russian']","Bouches-du-Rhône, France","['Compagnie Industrielle et Commerciale Cinématographique (CICC)', 'Filmsonor', 'Vera Films']","$7,633"
209. Ford v Ferrari,2019,8.1,James Mangold,"['Docudrama', 'Motorsport', 'Period Drama', 'Action', 'Biography', 'Drama', 'Sport']","November 15, 2019",United States,"['https://www.facebook.com/FordvFerrari', 'https://www.instagram.com/fordvferrari/']","['English', 'Italian', 'French', 'Japanese']","Savannah, Georgia, USA","['Chernin Entertainment', 'TSG Entertainment', 'Turnpike Films']","$117,624,357"
210. Mr. Smith Goes to Washington,1939,8.1,Frank Capra,"['Political Drama', 'Comedy', 'Drama']","October 19, 1939",United States,,['English'],"Lincoln Memorial, National Mall, Washington, District of Columbia, USA",['Columbia Pictures'],"$144,738"
211. Wild Strawberries,1957,8.1,Ingmar Bergman,"['Psychological Drama', 'Drama', 'Romance']","June 22, 1959",Sweden,,"['Swedish', 'Latin']","Dalarö, Stockholms län, Sweden",['Svensk Filmindustri (SF)'],1.37 : 1
212. The Third Man,1949,8.1,Carol Reed,"['Film Noir', 'Hard-boiled Detective', 'Whodunnit', 'Mystery', 'Thriller']","February 1, 1950",United Kingdom,,"['English', 'German', 'Russian', 'French']","8 Schreyvogelgasse, Vienna, Austria",['London Film Productions'],"$13,576"
213. Logan,2017,8.1,James Mangold,"['Dystopian Sci-Fi', 'Road Trip', 'Superhero', 'Action', 'Drama', 'Sci-Fi', 'Thriller']","March 3, 2017",United States,"['https://www.marvel.com/movies/logan', 'https://www.hotstar.com/in/movies/logan/1770016994']","['English', 'Spanish']","Just outside Northern Meadows community, Rio Rancho, New Mexico, USA","['Twentieth Century Fox', 'Marvel Entertainment', 'TSG Entertainment']","$226,277,068"
214. Rocky,1976,8.1,John G. Avildsen,"['Boxing', 'Drama', 'Sport']","December 3, 1976",United States,"['https://www.instagram.com/rockymovie/', 'https://www.mgm.com/movies/rocky']","['English', 'Spanish', 'Italian']","1818 East Tusculum Street, Kensington, North Philadelphia, Pennsylvania, USA",['Chartoff-Winkler Productions'],"$117,235,147"
215. Tokyo Story,1953,8.1,Yasujirô Ozu,"['Psychological Drama', 'Drama']","March 13, 1972",Japan,,"['Japanese', 'English']","Tokyo, Japan","['Shochiku', 'Entertain Me Productions']",1.37 : 1
216. The Big Lebowski,1998,8.1,Joel Coen,"['Buddy Comedy', 'Drug Crime', 'Satire', 'Stoner Comedy', 'Comedy', 'Crime']","March 6, 1998",United Kingdom,,"['English', 'German', 'Hebrew', 'Spanish']","South Pasadena, California, USA","['Polygram Filmed Entertainment', 'Working Title Films']","$19,301,403"
217. The Seventh Seal,1957,8.1,Ingmar Bergman,"['Psychological Drama', 'Drama', 'Fantasy']","October 13, 1958",Sweden,,"['Swedish', 'Latin']","Hovs Hallar - Naturreservat, Skåne län, Sweden",['Svensk Filmindustri (SF)'],"$311,212"
218. Spotlight,2015,8.1,Tom McCarthy,"['Docudrama', 'Legal Drama', 'Period Drama', 'True Crime', 'Workplace Drama', 'Biography', 'Crime', 'Drama']","November 20, 2015",United States,"['https://www.facebook.com/SpotlightMovie', 'http://spotlightthefilm.com/']",['English'],"333 Bay Street, Bay-Adelaide Centre, Toronto, Ontario, Canada","['Participant', 'First Look Media', 'Anonymous Content']","$45,055,776"
219. Room,2015,8.1,Lenny Abrahamson,"['Psychological Drama', 'Drama', 'Thriller']","January 22, 2016",Ireland,"['https://www.facebook.com/RoomTheMovie/', 'http://roomthemovie.com/#/']",['English'],"Apache Burgers, 5236 Dundas St. W., Etobicoke, Ontario, Canada","['Element Pictures', 'Bord Scannán na hÉireann / The Irish Film Board', 'Film4']","$14,677,654"
220. The Terminator,1984,8.1,James Cameron,"['Artificial Intelligence', 'Cyberpunk', 'Dystopian Sci-Fi', 'Time Travel', 'Urban Adventure', 'Action', 'Adventure', 'Sci-Fi']","October 26, 1984",United Kingdom,,"['English', 'Spanish']","720 S Hill Street, Los Angeles, California, USA","[""Cinema '84"", 'Euro Film Funding', 'Hemdale']","$38,371,200"
221. Hotel Rwanda,2004,8.1,Terry George,"['Docudrama', 'Biography', 'Drama', 'History', 'War']","February 4, 2005",United States,"['http://www.metrofilms.com/hotelrwanda/', 'http://www.mgm.com/ua/hotelrwanda/']","['English', 'French', 'Kinyarwanda']",Rwanda,"['United Artists', 'Lionsgate', 'Industrial Development Corporation of South Africa']","$23,530,892"
222. Platoon,1986,8.1,Oliver Stone,"['Drama', 'War']","February 6, 1987",United States,,"['English', 'Vietnamese']",Philippines,"['Hemdale', ""Cinema '84"", 'Cinema 86']","$138,530,565"
223. Pirates of the Caribbean: The Curse of the Black Pearl,2003,8.1,Gore Verbinski,"['Sea Adventure', 'Supernatural Fantasy', 'Swashbuckler', 'Sword & Sandal', 'Action', 'Adventure', 'Fantasy']","July 9, 2003",United States,"['https://www.hotstar.com/in/movies/pirates-of-the-caribbean-the-curse-of-the-black-pearl/1660010115', 'https://www.facebook.com/PiratesoftheCaribbean']",['English'],"Samana, Dominican Republic","['Walt Disney Pictures', 'Jerry Bruckheimer Films']","$305,413,918"
224. La haine,1995,8.1,Mathieu Kassovitz,"['Gangster', 'Psychological Drama', 'Crime', 'Drama']","February 23, 1996",France,"['https://le-pacte.com/international/film/la-haine-2', 'http://www.lazennec.com/fiche.php?id=14']","['French', 'Yiddish']","Chanteloup-les-Vignes, Yvelines, France","['Les Productions Lazennec', 'Le Studio Canal+', 'La Sept Cinéma']","$280,859"
225. Before Sunset,2004,8.1,Richard Linklater,"['Drama', 'Romance']","July 30, 2004",France,"['http://www.facebook.com/BeforeSunsetMovie', 'http://wip.warnerbros.com/beforesunset/']","['English', 'French']","Seine River, Paris, France","['Warner Independent Pictures (WIP)', 'Castle Rock Entertainment', 'Detour Filmproduction']","$5,820,649"
226. Jai Bhim,2021,8.7,T.J. Gnanavel,"['Legal Drama', 'Crime', 'Drama']","November 2, 2021",India,,['Tamil'],,['2D Entertainment'],
227. The Best Years of Our Lives,1946,8.1,William Wyler,"['Epic', 'Feel-Good Romance', 'Drama', 'Romance', 'War']","May 29, 1947",United States,,['English'],"Ontario International Airport - 2900 E. Airport Drive, Ontario, California, USA",['The Samuel Goldwyn Company'],"$23,650,000"
228. The Passion of Joan of Arc,1928,8.1,Carl Theodor Dreyer,"['Legal Drama', 'Period Drama', 'Psychological Drama', 'Tragedy', 'Biography', 'Drama', 'History']","October 25, 1928",France,,"['None', 'French']","Boulogne-Billancourt, Hauts-de-Seine, France",['Société générale des films'],"$6,408"
229. The Exorcist,1973,8.1,William Friedkin,"['Body Horror', 'Supernatural Horror', 'Horror']","December 26, 1973",United States,"['https://www.facebook.com/TheExorcist.Official', 'http://theexorcist.warnerbros.com/']","['English', 'Latin', 'Greek', 'French', 'German', 'Arabic', 'Kurdish']","Mosul, Iraq","['Warner Bros.', 'Hoya Productions']","$233,005,644"
230. The Wizard of Oz,1939,8.1,Victor Fleming,"['Adventure Epic', 'Classic Musical', 'Fairy Tale', 'Fantasy Epic', 'Quest', 'Adventure', 'Family', 'Fantasy', 'Musical']","August 25, 1939",United States,,['English'],"Stage 28, Sony Pictures Studios - 10202 W. Washington Blvd., Culver City, California, USA",['Metro-Goldwyn-Mayer (MGM)'],"$24,668,669"
231. The Incredibles,2004,8.0,Brad Bird,"['Computer Animation', 'Superhero', 'Urban Adventure', 'Action', 'Adventure', 'Animation', 'Family']","November 5, 2004",United States,"['https://www.facebook.com/PixarTheIncredibles', 'https://www.pixar.com/feature-films/the-incredibles']","['English', 'French', 'German', 'Italian', 'Portuguese', 'Russian']","Walt Disney Feature Animation - 500 S. Buena Vista Street, Burbank, California, USA","['Walt Disney Pictures', 'Pixar Animation Studios']","$261,441,092"
232. Rush,2013,8.1,Ron Howard,"['Docudrama', 'Motorsport', 'Period Drama', 'Biography', 'Drama', 'Sport']","September 27, 2013",United Kingdom,,"['English', 'German', 'Italian', 'French', 'Japanese', 'Spanish']","Nürburgring, Rhineland-Palatinate, Germany","['Exclusive Media Group', 'Cross Creek Pictures', 'Imagine Entertainment']","$26,947,624"
233. Network,1976,8.1,Sidney Lumet,"['Dark Comedy', 'Workplace Drama', 'Drama']","November 27, 1976",United States,,['English'],"CTV Toronto Studios - 9 Channel Nine Court, Scarborough, Ontario, Canada",['Metro-Goldwyn-Mayer (MGM)'],"$23,689,877"
234. Stand by Me,1986,8.1,Rob Reiner,"['Coming-of-Age', 'Adventure', 'Comedy', 'Drama']","August 22, 1986",United States,,['English'],"Eagle Mountain Ln, Burney, California, USA","['Columbia Pictures', 'Act III', 'Act III Communications']","$52,287,414"
235. Hachi: A Dog's Tale,2009,8.1,Lasse Hallström,"['Animal Adventure', 'Biography', 'Drama', 'Family']","March 12, 2010",United Kingdom,"['http://www.hachithemovie.com/', 'http://www.hachiko-derfilm.de/']","['English', 'Japanese']","Rhode Island, USA","['Stage 6 Films', 'Inferno Distribution', 'Hachiko']","$46,749,646"
236. The Sound of Music,1965,8.1,Robert Wise,"['Classic Musical', 'Biography', 'Drama', 'Family', 'Musical', 'Romance']","April 1, 1965",United States,"['https://www.facebook.com/TheSoundOfMusic', 'https://www.foxmovies.com/movies/the-sound-of-music']","['English', 'German']","Felsenreitschule, Salzburg, Austria","['Robert Wise Productions', 'Argyle Enterprises']","$159,287,539"
237. A Man Escaped,1956,8.2,Robert Bresson,"['Prison Drama', 'Drama', 'Thriller', 'War']","August 26, 1957",France,,"['French', 'German']","Studios de Saint-Maurice, Saint-Maurice, Val-de-Marne, France","['Gaumont', 'Nouvelles Éditions de Films (NEF)']",
238. My Father and My Son,2005,8.2,Çagan Irmak,"['Drama', 'Family']","November 18, 2005",Turkey,,['Turkish'],"Seferihisar, Turkey",['Avsar Film'],1.85 : 1
239. The Handmaiden,2016,8.1,Park Chan-wook,"['Dark Romance', 'Erotic Thriller', 'Psychological Thriller', 'Steamy Romance', 'Drama', 'Romance', 'Thriller']","September 2, 2017",South Korea,"['https://www.amazon.com/dp/B01M0K5JA5', 'https://www.facebook.com/handmaidenmovie']","['Korean', 'Japanese']","Nagoya, Aichi, Japan","['CJ Entertainment', 'Moho Film', 'Yong Film']","$2,006,788"
240. To Be or Not to Be,1942,8.1,Ernst Lubitsch,"['Screwball Comedy', 'Comedy', 'Romance', 'War']","March 6, 1942",United States,,"['English', 'German', 'French']",,['Romaine Film Corporation'],"$4,578,000"
241. Into the Wild,2007,8.1,Sean Penn,"['Coming-of-Age', 'Docudrama', 'Road Trip', 'Survival', 'Tragedy', 'Adventure', 'Biography', 'Drama']","October 19, 2007",United States,,"['English', 'Danish']","Astoria, Oregon, USA","['Paramount Vantage', 'Art Linson Productions', 'Into the Wild']","$18,354,356"
242. The Battle of Algiers,1966,8.1,Gillo Pontecorvo,"['Docudrama', 'Political Drama', 'Drama', 'War']","September 20, 1967",Italy,,"['Arabic', 'French', 'English', 'Spanish']","Casbah, Algiers, Algeria","['Igor Film', 'Casbah Film']","$879,794"
243. The Iron Giant,1999,8.1,Brad Bird,"['Alien Invasion', 'Artificial Intelligence', 'Hand-Drawn Animation', 'High-Concept Comedy', 'Kaiju', 'Space Sci-Fi', 'Action', 'Adventure', 'Animation', 'Comedy']","August 6, 1999",United States,"['http://theirongiantmovie.com/', 'http://www.warnerbros.com/movies/iron-giant']",['English'],"Los Angeles, California, USA","['Warner Bros.', 'Warner Bros. Animation', 'Warner Bros. Feature Animation']","$23,315,035"
244. The Grapes of Wrath,1940,8.1,John Ford,['Drama'],"March 15, 1940",United States,,['English'],"Topock, Arizona, USA",['Twentieth Century Fox'],"$7,304"
245. Groundhog Day,1993,8.0,Harold Ramis,"['Feel-Good Romance', 'High-Concept Comedy', 'Holiday Comedy', 'Holiday Romance', 'Romantic Comedy', 'Comedy', 'Drama', 'Fantasy', 'Romance']","February 12, 1993",United States,,"['English', 'French', 'Italian']","344 Fremont St, Woodstock, Illinois, USA",['Columbia Pictures'],"$71,107,962"
246. Amores Perros,2000,8.0,Alejandro G. Iñárritu,"['Tragedy', 'Drama', 'Thriller']","April 13, 2001",Mexico,"['https://archive.org/embed/amores-perros-2000', 'https://www.filmymen.us/2022/11/amores-perros-movie-amores-perros-full.html']",['Spanish'],"Colonia Condesa, Mexico City, Distrito Federal, Mexico","['Altavista Films', 'Zeta Film']","$5,408,467"
247. Rebecca,1940,8.1,Alfred Hitchcock,"['Dark Romance', 'Psychological Thriller', 'Drama', 'Mystery', 'Romance', 'Thriller']","April 12, 1940",United States,,"['English', 'French']","Big Sur, California, USA",['Selznick International Pictures'],"$113,328"
248. The Help,2011,8.1,Tate Taylor,"['Period Drama', 'Drama']","August 10, 2011",United States,,['English'],"Greenwood, Mississippi, USA","['DreamWorks', 'Dreamworks Pictures', 'Reliance Film & Entertainment']","$169,708,112"
249. Cool Hand Luke,1967,8.0,Stuart Rosenberg,"['Prison Drama', 'Tragedy', 'Crime', 'Drama']","November 1, 1967",United States,,['English'],"Jacksonville, Florida, USA",['Jalem Productions'],"$1,767"
250. A Silent Voice: The Movie,2016,8.1,Taichi Ishidate,"['Anime', 'Coming-of-Age', 'Psychological Drama', 'Shōnen', 'Slice of Life', 'Animation', 'Drama']","September 17, 2016",Japan,"['https://www.elevenarts.net/titles/a-silent-voice', 'https://www.fathomevents.com/events/a-silent-voice']","['Japanese', 'Japanese Sign Language', 'English']",,"['ABC Animation', 'Kyoto Animation', 'Kôdansha']","$121,732"
